experiment_id,sample_id,domain,method,round_trip,direction,canonical_included,exclusion_reason,execution_route,execution_status,commit_outcome,preservation_violations,rs,critical_failure,input_tokens,output_tokens,total_tokens,latency_ms,failure_stage,failure_label,raw_artifact_id,raw_call_ids,raw_ref
exp_20260709_hybridv4smoke,docker6,docker,hybridpatch,1,forward,true,,local_patch,success,applied,0,,,5430,4173,9603,29957,none,none,exp_20260709_hybridv4smoke-raw-v1,call000001_11f344fe,exp_20260709_hybridv4smoke-raw-v1#hybridpatch/docker6/rt01/forward
exp_20260709_hybridv4smoke,docker6,docker,hybridpatch,1,backward,true,,local_patch,success,applied,0,0.9896918146732152,false,5421,3212,8633,21817,none,none,exp_20260709_hybridv4smoke-raw-v1,call000002_d2061d63,exp_20260709_hybridv4smoke-raw-v1#hybridpatch/docker6/rt01/backward
exp_20260709_hybridv4smoke,docker6,docker,hybridpatch,2,forward,true,,local_patch,success,applied,0,,,5463,17281,22744,125352,none,none,exp_20260709_hybridv4smoke-raw-v1,call000003_a8254f08,exp_20260709_hybridv4smoke-raw-v1#hybridpatch/docker6/rt02/forward
exp_20260709_hybridv4smoke,docker6,docker,hybridpatch,2,backward,true,,local_patch,success,applied,0,0.9883468170273918,false,5484,3420,8904,23918,none,none,exp_20260709_hybridv4smoke-raw-v1,call000004_f1200fe6,exp_20260709_hybridv4smoke-raw-v1#hybridpatch/docker6/rt02/backward
exp_20260709_hybridv4smoke,docker6,docker,hybridpatch,3,forward,true,,bulk_patch,success,applied,0,,,5483,8671,14154,59681,none,none,exp_20260709_hybridv4smoke-raw-v1,call000005_924cdb21,exp_20260709_hybridv4smoke-raw-v1#hybridpatch/docker6/rt03/forward
exp_20260709_hybridv4smoke,docker6,docker,hybridpatch,3,backward,true,,local_patch,success,applied,0,0.984705887694739,false,5438,7730,13168,59483,none,none,exp_20260709_hybridv4smoke-raw-v1,call000006_a2180831,exp_20260709_hybridv4smoke-raw-v1#hybridpatch/docker6/rt03/backward
exp_20260709_hybridv4smoke,docker6,docker,hybridpatch,4,forward,true,,local_patch,success,applied,0,,,5523,9259,14782,68423,none,none,exp_20260709_hybridv4smoke-raw-v1,call000007_5ca4b510,exp_20260709_hybridv4smoke-raw-v1#hybridpatch/docker6/rt04/forward
exp_20260709_hybridv4smoke,docker6,docker,hybridpatch,4,backward,true,,local_patch,success,applied,0,0.984705887694739,false,5437,4949,10386,39451,none,none,exp_20260709_hybridv4smoke-raw-v1,call000008_2b1e2a8e,exp_20260709_hybridv4smoke-raw-v1#hybridpatch/docker6/rt04/backward
exp_20260709_hybridv4smoke,docker6,docker,hybridpatch,5,forward,true,,local_patch,success,applied,0,,,5523,2116,7639,13721,none,none,exp_20260709_hybridv4smoke-raw-v1,call000009_b1ed3d9a,exp_20260709_hybridv4smoke-raw-v1#hybridpatch/docker6/rt05/forward
exp_20260709_hybridv4smoke,docker6,docker,hybridpatch,5,backward,true,,local_patch,success,applied,0,0.984705887694739,false,5443,5002,10445,34752,none,none,exp_20260709_hybridv4smoke-raw-v1,call000010_fe978de7,exp_20260709_hybridv4smoke-raw-v1#hybridpatch/docker6/rt05/backward
exp_20260709_hybridv4smoke,docker6,docker,hybridpatch,6,forward,true,,local_patch,success,applied,0,,,5540,8365,13905,51435,none,none,exp_20260709_hybridv4smoke-raw-v1,call000011_7a8b0331,exp_20260709_hybridv4smoke-raw-v1#hybridpatch/docker6/rt06/forward
exp_20260709_hybridv4smoke,docker6,docker,hybridpatch,6,backward,true,,local_patch,success,applied,0,0.9823990631022458,false,5527,5187,10714,33066,none,none,exp_20260709_hybridv4smoke-raw-v1,call000012_1d0d4956,exp_20260709_hybridv4smoke-raw-v1#hybridpatch/docker6/rt06/backward
exp_20260709_hybridv4smoke,docker6,docker,hybridpatch,7,forward,true,,local_patch,success,applied,0,,,5423,12020,17443,72334,none,none,exp_20260709_hybridv4smoke-raw-v1,call000013_6b6ce207,exp_20260709_hybridv4smoke-raw-v1#hybridpatch/docker6/rt07/forward
exp_20260709_hybridv4smoke,docker6,docker,hybridpatch,7,backward,true,,local_patch,success,applied,0,0.9421109828790103,false,5387,4552,9939,31377,none,none,exp_20260709_hybridv4smoke-raw-v1,call000014_c4058b75,exp_20260709_hybridv4smoke-raw-v1#hybridpatch/docker6/rt07/backward
exp_20260709_hybridv4smoke,docker6,docker,hybridpatch,8,forward,true,,local_patch,success,applied,0,,,5525,2777,8302,19740,none,none,exp_20260709_hybridv4smoke-raw-v1,call000015_5a09bf5e,exp_20260709_hybridv4smoke-raw-v1#hybridpatch/docker6/rt08/forward
exp_20260709_hybridv4smoke,docker6,docker,hybridpatch,8,backward,true,,local_patch,success,applied,0,0.9421109828790103,false,5446,12524,17970,84878,none,none,exp_20260709_hybridv4smoke-raw-v1,call000016_5c5c0ec7,exp_20260709_hybridv4smoke-raw-v1#hybridpatch/docker6/rt08/backward
exp_20260709_hybridv4smoke,docker6,docker,hybridpatch,9,forward,true,,bulk_patch,success,applied,0,,,5473,7192,12665,49664,none,none,exp_20260709_hybridv4smoke-raw-v1,call000017_cfdda066,exp_20260709_hybridv4smoke-raw-v1#hybridpatch/docker6/rt09/forward
exp_20260709_hybridv4smoke,docker6,docker,hybridpatch,9,backward,true,,local_patch,success,applied,0,0.9421109828790103,false,5412,9093,14505,62501,none,none,exp_20260709_hybridv4smoke-raw-v1,call000018_554155be,exp_20260709_hybridv4smoke-raw-v1#hybridpatch/docker6/rt09/backward
exp_20260709_hybridv4smoke,docker6,docker,hybridpatch,10,forward,true,,local_patch,success,applied,0,,,5500,3651,9151,25602,none,none,exp_20260709_hybridv4smoke-raw-v1,call000019_e564416c,exp_20260709_hybridv4smoke-raw-v1#hybridpatch/docker6/rt10/forward
exp_20260709_hybridv4smoke,docker6,docker,hybridpatch,10,backward,true,,local_patch,success,applied,0,0.9421109828790103,false,5517,3791,9308,27598,none,none,exp_20260709_hybridv4smoke-raw-v1,call000020_fa44e22d,exp_20260709_hybridv4smoke-raw-v1#hybridpatch/docker6/rt10/backward
exp_20260709_hybridv4smoke,fonteng3,fonteng,hybridpatch,1,forward,true,,local_patch,success,applied,0,,,16709,15843,32552,137636,none,none,exp_20260709_hybridv4smoke-raw-v1,call000001_9cbdd48f,exp_20260709_hybridv4smoke-raw-v1#hybridpatch/fonteng3/rt01/forward
exp_20260709_hybridv4smoke,fonteng3,fonteng,hybridpatch,1,backward,true,,bulk_patch,success,applied,0,1.0,false,16767,8347,25114,64821,none,none,exp_20260709_hybridv4smoke-raw-v1,call000002_79bcd466,exp_20260709_hybridv4smoke-raw-v1#hybridpatch/fonteng3/rt01/backward
exp_20260709_hybridv4smoke,fonteng3,fonteng,hybridpatch,2,forward,true,,local_patch,success,applied,0,,,16733,9810,26543,64616,none,none,exp_20260709_hybridv4smoke-raw-v1,call000003_0afad56c,exp_20260709_hybridv4smoke-raw-v1#hybridpatch/fonteng3/rt02/forward
exp_20260709_hybridv4smoke,fonteng3,fonteng,hybridpatch,2,backward,true,,local_patch,success,applied,0,1.0,false,15250,39219,54469,241143,none,none,exp_20260709_hybridv4smoke-raw-v1,call000004_12f88408,exp_20260709_hybridv4smoke-raw-v1#hybridpatch/fonteng3/rt02/backward
exp_20260709_hybridv4smoke,fonteng3,fonteng,hybridpatch,3,forward,true,,local_patch,success,applied,0,,,16719,8839,25558,58769,none,none,exp_20260709_hybridv4smoke-raw-v1,call000005_d761360a,exp_20260709_hybridv4smoke-raw-v1#hybridpatch/fonteng3/rt03/forward
exp_20260709_hybridv4smoke,fonteng3,fonteng,hybridpatch,3,backward,true,,local_patch,success,applied,0,1.0,false,16740,17223,33963,121576,none,none,exp_20260709_hybridv4smoke-raw-v1,call000006_39556ddf,exp_20260709_hybridv4smoke-raw-v1#hybridpatch/fonteng3/rt03/backward
exp_20260709_hybridv4smoke,fonteng3,fonteng,hybridpatch,4,forward,true,,local_patch,success,applied,0,,,16750,22440,39190,130690,none,none,exp_20260709_hybridv4smoke-raw-v1,call000007_eb3c1b74,exp_20260709_hybridv4smoke-raw-v1#hybridpatch/fonteng3/rt04/forward
exp_20260709_hybridv4smoke,fonteng3,fonteng,hybridpatch,4,backward,true,,local_patch,success,applied,0,0.9296495672,false,16786,16193,32979,89014,none,none,exp_20260709_hybridv4smoke-raw-v1,call000008_4f5c63f7,exp_20260709_hybridv4smoke-raw-v1#hybridpatch/fonteng3/rt04/backward
exp_20260709_hybridv4smoke,fonteng3,fonteng,hybridpatch,5,forward,true,,local_patch,success,applied,0,,,16569,35778,52347,211124,none,none,exp_20260709_hybridv4smoke-raw-v1,call000009_1ba1f04e,exp_20260709_hybridv4smoke-raw-v1#hybridpatch/fonteng3/rt05/forward
exp_20260709_hybridv4smoke,fonteng3,fonteng,hybridpatch,5,backward,true,,local_patch,success,applied,0,0.9296495672,false,16753,27432,44185,142863,none,none,exp_20260709_hybridv4smoke-raw-v1,call000010_092cb86d,exp_20260709_hybridv4smoke-raw-v1#hybridpatch/fonteng3/rt05/backward
exp_20260709_hybridv4smoke,fonteng3,fonteng,hybridpatch,6,forward,true,,bounded_rewrite,success,applied,0,,,27429,30040,57469,183152,none,none,exp_20260709_hybridv4smoke-raw-v1,call000011_4b72979f;call000012_da8e400d,exp_20260709_hybridv4smoke-raw-v1#hybridpatch/fonteng3/rt06/forward
exp_20260709_hybridv4smoke,fonteng3,fonteng,hybridpatch,6,backward,true,,bounded_rewrite,success,applied,0,0.9296495672,false,32923,26816,59739,156360,none,none,exp_20260709_hybridv4smoke-raw-v1,call000013_0bd61414,exp_20260709_hybridv4smoke-raw-v1#hybridpatch/fonteng3/rt06/backward
exp_20260709_hybridv4smoke,fonteng3,fonteng,hybridpatch,7,forward,true,,bulk_patch,success,applied,0,,,16603,15101,31704,105819,none,none,exp_20260709_hybridv4smoke-raw-v1,call000014_ad844907,exp_20260709_hybridv4smoke-raw-v1#hybridpatch/fonteng3/rt07/forward
exp_20260709_hybridv4smoke,fonteng3,fonteng,hybridpatch,7,backward,true,,bulk_patch,degraded,applied,0,0.7715492259,true,16659,4100,20759,32909,quality,content_regression,exp_20260709_hybridv4smoke-raw-v1,call000015_f9d233ed,exp_20260709_hybridv4smoke-raw-v1#hybridpatch/fonteng3/rt07/backward
exp_20260709_hybridv4smoke,fonteng3,fonteng,hybridpatch,8,forward,true,,local_patch,success,applied,0,,,16576,26701,43277,141184,none,none,exp_20260709_hybridv4smoke-raw-v1,call000016_a7cd82af,exp_20260709_hybridv4smoke-raw-v1#hybridpatch/fonteng3/rt08/forward
exp_20260709_hybridv4smoke,fonteng3,fonteng,hybridpatch,8,backward,true,,bounded_rewrite,success,applied,0,0.7715492259,false,16725,27473,44198,162202,none,none,exp_20260709_hybridv4smoke-raw-v1,call000017_62a00b07,exp_20260709_hybridv4smoke-raw-v1#hybridpatch/fonteng3/rt08/backward
exp_20260709_hybridv4smoke,fonteng3,fonteng,hybridpatch,9,forward,true,,local_patch,success,applied,0,,,16594,18330,34924,107636,none,none,exp_20260709_hybridv4smoke-raw-v1,call000018_36a9af96,exp_20260709_hybridv4smoke-raw-v1#hybridpatch/fonteng3/rt09/forward
exp_20260709_hybridv4smoke,fonteng3,fonteng,hybridpatch,9,backward,true,,local_patch,success,applied,0,0.7715492259,false,16643,19065,35708,114757,none,none,exp_20260709_hybridv4smoke-raw-v1,call000019_b81c5f41,exp_20260709_hybridv4smoke-raw-v1#hybridpatch/fonteng3/rt09/backward
exp_20260709_hybridv4smoke,fonteng3,fonteng,hybridpatch,10,forward,true,,local_patch,success,applied,0,,,16604,18144,34748,101481,none,none,exp_20260709_hybridv4smoke-raw-v1,call000020_a7ffd4a7,exp_20260709_hybridv4smoke-raw-v1#hybridpatch/fonteng3/rt10/forward
exp_20260709_hybridv4smoke,fonteng3,fonteng,hybridpatch,10,backward,true,,local_patch,success,applied,0,0.7715492259,false,16728,19602,36330,104675,none,none,exp_20260709_hybridv4smoke-raw-v1,call000021_5d7e39c3,exp_20260709_hybridv4smoke-raw-v1#hybridpatch/fonteng3/rt10/backward
exp_20260709_hybridv4smoke,foodmenu6,foodmenu,hybridpatch,1,forward,true,,local_patch,success,applied,0,,,9290,6184,15474,52651,none,none,exp_20260709_hybridv4smoke-raw-v1,call000001_26a191d5,exp_20260709_hybridv4smoke-raw-v1#hybridpatch/foodmenu6/rt01/forward
exp_20260709_hybridv4smoke,foodmenu6,foodmenu,hybridpatch,1,backward,true,,local_patch,success,applied,0,0.9984451219512195,false,9418,17428,26846,138837,none,none,exp_20260709_hybridv4smoke-raw-v1,call000002_b0bbfdfc,exp_20260709_hybridv4smoke-raw-v1#hybridpatch/foodmenu6/rt01/backward
exp_20260709_hybridv4smoke,foodmenu6,foodmenu,hybridpatch,2,forward,true,,bounded_rewrite,success,applied,0,,,9342,80270,89612,482243,none,none,exp_20260709_hybridv4smoke-raw-v1,call000003_79c7ae9e,exp_20260709_hybridv4smoke-raw-v1#hybridpatch/foodmenu6/rt02/forward
exp_20260709_hybridv4smoke,foodmenu6,foodmenu,hybridpatch,2,backward,true,,bounded_rewrite,degraded,applied,0,0.3518780487804878,true,18030,37123,55153,241850,quality,content_regression,exp_20260709_hybridv4smoke-raw-v1,call000004_966a3349,exp_20260709_hybridv4smoke-raw-v1#hybridpatch/foodmenu6/rt02/backward
exp_20260709_hybridv4smoke,foodmenu6,foodmenu,hybridpatch,3,forward,true,,local_patch,success,applied,0,,,8106,50212,58318,306464,none,none,exp_20260709_hybridv4smoke-raw-v1,call000005_0519a35b,exp_20260709_hybridv4smoke-raw-v1#hybridpatch/foodmenu6/rt03/forward
exp_20260709_hybridv4smoke,foodmenu6,foodmenu,hybridpatch,3,backward,true,,bulk_patch,success,applied,0,0.3518780487804878,false,11589,81071,92660,530706,none,none,exp_20260709_hybridv4smoke-raw-v1,call000006_eea9467a,exp_20260709_hybridv4smoke-raw-v1#hybridpatch/foodmenu6/rt03/backward
exp_20260709_hybridv4smoke,foodmenu6,foodmenu,hybridpatch,4,forward,true,,bounded_rewrite,success,applied,0,,,8094,89419,97513,546949,none,none,exp_20260709_hybridv4smoke-raw-v1,call000007_4bd1dcf2,exp_20260709_hybridv4smoke-raw-v1#hybridpatch/foodmenu6/rt04/forward
exp_20260709_hybridv4smoke,foodmenu6,foodmenu,hybridpatch,4,backward,true,,bulk_patch,success,applied,0,0.3518780487804878,false,19402,7220,26622,58018,none,none,exp_20260709_hybridv4smoke-raw-v1,call000008_a8621753,exp_20260709_hybridv4smoke-raw-v1#hybridpatch/foodmenu6/rt04/backward
exp_20260709_hybridv4smoke,foodmenu6,foodmenu,hybridpatch,5,forward,true,,bounded_rewrite,success,applied,0,,,8166,34803,42969,196711,none,none,exp_20260709_hybridv4smoke-raw-v1,call000009_7a333e0e,exp_20260709_hybridv4smoke-raw-v1#hybridpatch/foodmenu6/rt05/forward
exp_20260709_hybridv4smoke,foodmenu6,foodmenu,hybridpatch,5,backward,true,,bounded_rewrite,success,applied,0,0.9984451219512195,false,12342,34371,46713,236300,none,none,exp_20260709_hybridv4smoke-raw-v1,call000010_ad64bb78,exp_20260709_hybridv4smoke-raw-v1#hybridpatch/foodmenu6/rt05/backward
exp_20260709_hybridv4smoke,foodmenu6,foodmenu,hybridpatch,6,forward,true,,bounded_rewrite,success,applied,0,,,9305,61644,70949,431381,none,none,exp_20260709_hybridv4smoke-raw-v1,call000001_d3d49b5f,exp_20260709_hybridv4smoke-raw-v1#hybridpatch/foodmenu6/rt06/forward
exp_20260709_hybridv4smoke,foodmenu6,foodmenu,hybridpatch,6,backward,true,,bulk_patch,success,applied,0,0.9984451219512195,false,21419,17008,38427,189206,none,none,exp_20260709_hybridv4smoke-raw-v1,call000002_5162b116,exp_20260709_hybridv4smoke-raw-v1#hybridpatch/foodmenu6/rt06/backward
exp_20260709_hybridv4smoke,foodmenu6,foodmenu,hybridpatch,7,forward,true,,local_patch,success,applied,0,,,9363,15744,25107,106982,none,none,exp_20260709_hybridv4smoke-raw-v1,call000003_e94d8cb9,exp_20260709_hybridv4smoke-raw-v1#hybridpatch/foodmenu6/rt07/forward
exp_20260709_hybridv4smoke,foodmenu6,foodmenu,hybridpatch,7,backward,true,,bulk_patch,success,applied,0,0.9984451219512195,false,11528,20083,31611,145389,none,none,exp_20260709_hybridv4smoke-raw-v1,call000004_9fba66bc,exp_20260709_hybridv4smoke-raw-v1#hybridpatch/foodmenu6/rt07/backward
exp_20260709_hybridv4smoke,foodmenu6,foodmenu,hybridpatch,8,forward,true,,local_patch,success,applied,0,,,9346,14720,24066,103947,none,none,exp_20260709_hybridv4smoke-raw-v1,call000005_4cc9b68c,exp_20260709_hybridv4smoke-raw-v1#hybridpatch/foodmenu6/rt08/forward
exp_20260709_hybridv4smoke,foodmenu6,foodmenu,hybridpatch,8,backward,true,,local_patch,success,applied,0,0.983074288617886,false,9431,1260,10691,14210,none,none,exp_20260709_hybridv4smoke-raw-v1,call000006_08c2ac39,exp_20260709_hybridv4smoke-raw-v1#hybridpatch/foodmenu6/rt08/backward
exp_20260709_hybridv4smoke,foodmenu6,foodmenu,hybridpatch,9,forward,true,,bounded_rewrite,success,applied,0,,,9492,50919,60411,358874,none,none,exp_20260709_hybridv4smoke-raw-v1,call000007_05ee52ec,exp_20260709_hybridv4smoke-raw-v1#hybridpatch/foodmenu6/rt09/forward
exp_20260709_hybridv4smoke,foodmenu6,foodmenu,hybridpatch,9,backward,true,,bulk_patch,success,applied,0,0.983074288617886,false,10895,18266,29161,181863,none,none,exp_20260709_hybridv4smoke-raw-v1,call000008_92f061da,exp_20260709_hybridv4smoke-raw-v1#hybridpatch/foodmenu6/rt09/backward
exp_20260709_hybridv4smoke,foodmenu6,foodmenu,hybridpatch,10,forward,true,,local_patch,success,applied,0,,,9506,86544,96050,575416,none,none,exp_20260709_hybridv4smoke-raw-v1,call000009_04f7f5d2,exp_20260709_hybridv4smoke-raw-v1#hybridpatch/foodmenu6/rt10/forward
exp_20260709_hybridv4smoke,foodmenu6,foodmenu,hybridpatch,10,backward,true,,bounded_rewrite,success,applied,0,0.983074288617886,false,13947,15845,29792,92927,none,none,exp_20260709_hybridv4smoke-raw-v1,call000010_e34d843f,exp_20260709_hybridv4smoke-raw-v1#hybridpatch/foodmenu6/rt10/backward
exp_20260709_hybridv4smoke,geotrack3,geotrack,hybridpatch,1,forward,true,,bounded_rewrite,success,applied,0,,,9126,19892,29018,113894,none,none,exp_20260709_hybridv4smoke-raw-v1,call000001_5b969bc7,exp_20260709_hybridv4smoke-raw-v1#hybridpatch/geotrack3/rt01/forward
exp_20260709_hybridv4smoke,geotrack3,geotrack,hybridpatch,1,backward,true,,bounded_rewrite,success,applied,0,0.8440000000000001,false,9504,11715,21219,79268,none,none,exp_20260709_hybridv4smoke-raw-v1,call000002_a34de4a0,exp_20260709_hybridv4smoke-raw-v1#hybridpatch/geotrack3/rt01/backward
exp_20260709_hybridv4smoke,geotrack3,geotrack,hybridpatch,2,forward,true,,bounded_rewrite,success,applied,0,,,8684,15242,23926,103782,none,none,exp_20260709_hybridv4smoke-raw-v1,call000003_95dd0350,exp_20260709_hybridv4smoke-raw-v1#hybridpatch/geotrack3/rt02/forward
exp_20260709_hybridv4smoke,geotrack3,geotrack,hybridpatch,2,backward,true,,local_patch,success,applied,0,0.8440000000000001,false,8681,43817,52498,252592,none,none,exp_20260709_hybridv4smoke-raw-v1,call000004_72276462,exp_20260709_hybridv4smoke-raw-v1#hybridpatch/geotrack3/rt02/backward
exp_20260709_hybridv4smoke,geotrack3,geotrack,hybridpatch,3,forward,true,,bounded_rewrite,success,applied,0,,,8699,14232,22931,76798,none,none,exp_20260709_hybridv4smoke-raw-v1,call000005_6023d8b7,exp_20260709_hybridv4smoke-raw-v1#hybridpatch/geotrack3/rt03/forward
exp_20260709_hybridv4smoke,geotrack3,geotrack,hybridpatch,3,backward,true,,bounded_rewrite,success,applied,0,0.8440000000000001,false,16064,11824,27888,70801,none,none,exp_20260709_hybridv4smoke-raw-v1,call000006_77fcb069,exp_20260709_hybridv4smoke-raw-v1#hybridpatch/geotrack3/rt03/backward
exp_20260709_hybridv4smoke,geotrack3,geotrack,hybridpatch,4,forward,true,,bounded_rewrite,success,applied,0,,,8693,29761,38454,165661,none,none,exp_20260709_hybridv4smoke-raw-v1,call000007_e0bd3707,exp_20260709_hybridv4smoke-raw-v1#hybridpatch/geotrack3/rt04/forward
exp_20260709_hybridv4smoke,geotrack3,geotrack,hybridpatch,4,backward,true,,local_patch,success,applied,0,0.8240000000000001,false,17554,6579,24133,42069,none,none,exp_20260709_hybridv4smoke-raw-v1,call000008_9f83720d,exp_20260709_hybridv4smoke-raw-v1#hybridpatch/geotrack3/rt04/backward
exp_20260709_hybridv4smoke,geotrack3,geotrack,hybridpatch,5,forward,true,,bounded_rewrite,success,applied,0,,,8929,7477,16406,37628,none,none,exp_20260709_hybridv4smoke-raw-v1,call000009_3514355c,exp_20260709_hybridv4smoke-raw-v1#hybridpatch/geotrack3/rt05/forward
exp_20260709_hybridv4smoke,geotrack3,geotrack,hybridpatch,5,backward,true,,bounded_rewrite,success,applied,0,0.8240000000000001,false,8949,9739,18688,52125,none,none,exp_20260709_hybridv4smoke-raw-v1,call000010_f56ed06a,exp_20260709_hybridv4smoke-raw-v1#hybridpatch/geotrack3/rt05/backward
exp_20260709_hybridv4smoke,geotrack3,geotrack,hybridpatch,6,forward,true,,local_patch,success,applied,0,,,12018,50543,62561,297452,none,none,exp_20260709_hybridv4smoke-raw-v1,call000011_a2300d41,exp_20260709_hybridv4smoke-raw-v1#hybridpatch/geotrack3/rt06/forward
exp_20260709_hybridv4smoke,geotrack3,geotrack,hybridpatch,6,backward,true,,bulk_patch,success,applied,0,0.8240000000000001,false,13182,22874,36056,164169,none,none,exp_20260709_hybridv4smoke-raw-v1,call000012_a9717273,exp_20260709_hybridv4smoke-raw-v1#hybridpatch/geotrack3/rt06/backward
exp_20260709_hybridv4smoke,geotrack3,geotrack,hybridpatch,7,forward,true,,bounded_rewrite,success,applied,0,,,12046,29597,41643,179076,none,none,exp_20260709_hybridv4smoke-raw-v1,call000013_4b5284e4,exp_20260709_hybridv4smoke-raw-v1#hybridpatch/geotrack3/rt07/forward
exp_20260709_hybridv4smoke,geotrack3,geotrack,hybridpatch,7,backward,true,,bulk_patch,success,applied,0,0.8240000000000001,false,12582,6856,19438,49180,none,none,exp_20260709_hybridv4smoke-raw-v1,call000014_37aa4f7a,exp_20260709_hybridv4smoke-raw-v1#hybridpatch/geotrack3/rt07/backward
exp_20260709_hybridv4smoke,geotrack3,geotrack,hybridpatch,8,forward,true,,bounded_rewrite,success,applied,0,,,12007,9076,21083,50909,none,none,exp_20260709_hybridv4smoke-raw-v1,call000015_f2d11fb2,exp_20260709_hybridv4smoke-raw-v1#hybridpatch/geotrack3/rt08/forward
exp_20260709_hybridv4smoke,geotrack3,geotrack,hybridpatch,8,backward,true,,bounded_rewrite,success,applied,0,0.8240000000000001,false,8949,4755,13704,25875,none,none,exp_20260709_hybridv4smoke-raw-v1,call000016_eaa6275c,exp_20260709_hybridv4smoke-raw-v1#hybridpatch/geotrack3/rt08/backward
exp_20260709_hybridv4smoke,geotrack3,geotrack,hybridpatch,9,forward,true,,bounded_rewrite,success,applied,0,,,11932,15381,27313,88092,none,none,exp_20260709_hybridv4smoke-raw-v1,call000017_9ac6461e,exp_20260709_hybridv4smoke-raw-v1#hybridpatch/geotrack3/rt09/forward
exp_20260709_hybridv4smoke,geotrack3,geotrack,hybridpatch,9,backward,true,,bounded_rewrite,success,applied,0,0.8240000000000001,false,21692,20873,42565,124675,none,none,exp_20260709_hybridv4smoke-raw-v1,call000018_3f22e5a9,exp_20260709_hybridv4smoke-raw-v1#hybridpatch/geotrack3/rt09/backward
exp_20260709_hybridv4smoke,geotrack3,geotrack,hybridpatch,10,forward,true,,bounded_rewrite,success,applied,0,,,11926,41631,53557,255010,none,none,exp_20260709_hybridv4smoke-raw-v1,call000019_70ede69e,exp_20260709_hybridv4smoke-raw-v1#hybridpatch/geotrack3/rt10/forward
exp_20260709_hybridv4smoke,geotrack3,geotrack,hybridpatch,10,backward,true,,bounded_rewrite,success,applied,0,0.8240000000000001,false,21727,15278,37005,92026,none,none,exp_20260709_hybridv4smoke-raw-v1,call000020_213ed9f2,exp_20260709_hybridv4smoke-raw-v1#hybridpatch/geotrack3/rt10/backward
exp_20260709_hybridv4smoke,latex2,latex,hybridpatch,1,forward,true,,bounded_rewrite,success,applied,0,,,10273,8802,19075,56043,none,none,exp_20260709_hybridv4smoke-raw-v1,call000001_dd07494f,exp_20260709_hybridv4smoke-raw-v1#hybridpatch/latex2/rt01/forward
exp_20260709_hybridv4smoke,latex2,latex,hybridpatch,1,backward,true,,bounded_rewrite,success,applied,0,0.9994508147254073,false,10495,6076,16571,40092,none,none,exp_20260709_hybridv4smoke-raw-v1,call000002_655ea5c6,exp_20260709_hybridv4smoke-raw-v1#hybridpatch/latex2/rt01/backward
exp_20260709_hybridv4smoke,latex2,latex,hybridpatch,2,forward,true,,bounded_rewrite,success,applied,0,,,10381,14161,24542,81544,none,none,exp_20260709_hybridv4smoke-raw-v1,call000003_46c7184a,exp_20260709_hybridv4smoke-raw-v1#hybridpatch/latex2/rt02/forward
exp_20260709_hybridv4smoke,latex2,latex,hybridpatch,2,backward,true,,bounded_rewrite,success,applied,0,0.9994508147254073,false,10369,32378,42747,204271,none,none,exp_20260709_hybridv4smoke-raw-v1,call000004_768a6a54,exp_20260709_hybridv4smoke-raw-v1#hybridpatch/latex2/rt02/backward
exp_20260709_hybridv4smoke,latex2,latex,hybridpatch,3,forward,true,,bounded_rewrite,success,applied,0,,,10439,71054,81493,428600,none,none,exp_20260709_hybridv4smoke-raw-v1,call000005_c9cbbdc8,exp_20260709_hybridv4smoke-raw-v1#hybridpatch/latex2/rt03/forward
exp_20260709_hybridv4smoke,latex2,latex,hybridpatch,3,backward,true,,bulk_patch,success,applied,0,0.9994508147254073,false,10934,4223,15157,36680,none,none,exp_20260709_hybridv4smoke-raw-v1,call000006_7f6ecc15,exp_20260709_hybridv4smoke-raw-v1#hybridpatch/latex2/rt03/backward
exp_20260709_hybridv4smoke,latex2,latex,hybridpatch,4,forward,true,,bounded_rewrite,success,applied,0,,,21185,28293,49478,156691,none,none,exp_20260709_hybridv4smoke-raw-v1,call000007_ad7780d8;call000008_d0a6e328,exp_20260709_hybridv4smoke-raw-v1#hybridpatch/latex2/rt04/forward
exp_20260709_hybridv4smoke,latex2,latex,hybridpatch,4,backward,true,,bounded_rewrite,success,applied,0,0.999448492168737,false,10801,29243,40044,175487,none,none,exp_20260709_hybridv4smoke-raw-v1,call000009_0591b519,exp_20260709_hybridv4smoke-raw-v1#hybridpatch/latex2/rt04/backward
exp_20260709_hybridv4smoke,latex2,latex,hybridpatch,5,forward,true,,bounded_rewrite,success,applied,0,,,18105,11961,30066,196315,none,none,exp_20260709_hybridv4smoke-raw-v1,call000010_5709d1f7;call000011_807214d4,exp_20260709_hybridv4smoke-raw-v1#hybridpatch/latex2/rt05/forward
exp_20260709_hybridv4smoke,latex2,latex,hybridpatch,5,backward,true,,local_patch,success,applied,0,0.999448492168737,false,11029,9551,20580,76253,none,none,exp_20260709_hybridv4smoke-raw-v1,call000012_6afe8298,exp_20260709_hybridv4smoke-raw-v1#hybridpatch/latex2/rt05/backward
exp_20260709_hybridv4smoke,latex2,latex,hybridpatch,6,forward,true,,bounded_rewrite,success,applied,0,,,10416,32054,42470,204825,none,none,exp_20260709_hybridv4smoke-raw-v1,call000013_79787831,exp_20260709_hybridv4smoke-raw-v1#hybridpatch/latex2/rt06/forward
exp_20260709_hybridv4smoke,latex2,latex,hybridpatch,6,backward,true,,local_patch,success,applied,0,0.999448492168737,false,12003,13284,25287,101080,none,none,exp_20260709_hybridv4smoke-raw-v1,call000014_16e701bc,exp_20260709_hybridv4smoke-raw-v1#hybridpatch/latex2/rt06/backward
exp_20260709_hybridv4smoke,latex2,latex,hybridpatch,7,forward,true,,bounded_rewrite,success,applied,0,,,10407,23397,33804,156511,none,none,exp_20260709_hybridv4smoke-raw-v1,call000015_53587903,exp_20260709_hybridv4smoke-raw-v1#hybridpatch/latex2/rt07/forward
exp_20260709_hybridv4smoke,latex2,latex,hybridpatch,7,backward,true,,local_patch,success,applied,0,0.9994061757533248,false,10583,25926,36509,171060,none,none,exp_20260709_hybridv4smoke-raw-v1,call000016_077e7678,exp_20260709_hybridv4smoke-raw-v1#hybridpatch/latex2/rt07/backward
exp_20260709_hybridv4smoke,latex2,latex,hybridpatch,8,forward,true,,bounded_rewrite,success,applied,0,,,10348,28681,39029,159947,none,none,exp_20260709_hybridv4smoke-raw-v1,call000017_b24c5911,exp_20260709_hybridv4smoke-raw-v1#hybridpatch/latex2/rt08/forward
exp_20260709_hybridv4smoke,latex2,latex,hybridpatch,8,backward,true,,bounded_rewrite,success,applied,0,0.9944247639061068,false,17605,5241,22846,30792,none,none,exp_20260709_hybridv4smoke-raw-v1,call000018_83258316,exp_20260709_hybridv4smoke-raw-v1#hybridpatch/latex2/rt08/backward
exp_20260709_hybridv4smoke,latex2,latex,hybridpatch,9,forward,true,,bounded_rewrite,success,applied,0,,,10382,54428,64810,409967,none,none,exp_20260709_hybridv4smoke-raw-v1,call000001_d2e37fd5,exp_20260709_hybridv4smoke-raw-v1#hybridpatch/latex2/rt09/forward
exp_20260709_hybridv4smoke,latex2,latex,hybridpatch,9,backward,true,,bulk_patch,success,applied,0,0.9330551874180175,false,12993,5699,18692,68125,none,none,exp_20260709_hybridv4smoke-raw-v1,call000002_40d85b59,exp_20260709_hybridv4smoke-raw-v1#hybridpatch/latex2/rt09/backward
exp_20260709_hybridv4smoke,latex2,latex,hybridpatch,10,forward,true,,bounded_rewrite,success,applied,0,,,10625,59577,70202,415750,none,none,exp_20260709_hybridv4smoke-raw-v1,call000003_986004ee,exp_20260709_hybridv4smoke-raw-v1#hybridpatch/latex2/rt10/forward
exp_20260709_hybridv4smoke,latex2,latex,hybridpatch,10,backward,true,,bulk_patch,success,applied,0,0.9330551874180175,false,11103,14988,26091,120647,none,none,exp_20260709_hybridv4smoke-raw-v1,call000004_a1103a50,exp_20260709_hybridv4smoke-raw-v1#hybridpatch/latex2/rt10/backward
exp_20260709_hybridv4smoke,malware6,malware,hybridpatch,1,forward,true,,bounded_rewrite,success,applied,0,,,6723,6639,13362,39626,none,none,exp_20260709_hybridv4smoke-raw-v1,call000001_956946c3,exp_20260709_hybridv4smoke-raw-v1#hybridpatch/malware6/rt01/forward
exp_20260709_hybridv4smoke,malware6,malware,hybridpatch,1,backward,true,,bounded_rewrite,success,applied,0,1.0,false,6821,8063,14884,51609,none,none,exp_20260709_hybridv4smoke-raw-v1,call000002_4515375c,exp_20260709_hybridv4smoke-raw-v1#hybridpatch/malware6/rt01/backward
exp_20260709_hybridv4smoke,malware6,malware,hybridpatch,2,forward,true,,bounded_rewrite,success,applied,0,,,6731,23783,30514,146518,none,none,exp_20260709_hybridv4smoke-raw-v1,call000003_3dfecee2,exp_20260709_hybridv4smoke-raw-v1#hybridpatch/malware6/rt02/forward
exp_20260709_hybridv4smoke,malware6,malware,hybridpatch,2,backward,true,,bounded_rewrite,success,applied,0,1.0,false,12374,2711,15085,21377,none,none,exp_20260709_hybridv4smoke-raw-v1,call000004_f314e4bf,exp_20260709_hybridv4smoke-raw-v1#hybridpatch/malware6/rt02/backward
exp_20260709_hybridv4smoke,malware6,malware,hybridpatch,3,forward,true,,local_patch,success,applied,0,,,6733,16073,22806,109061,none,none,exp_20260709_hybridv4smoke-raw-v1,call000005_0fe6cea9,exp_20260709_hybridv4smoke-raw-v1#hybridpatch/malware6/rt03/forward
exp_20260709_hybridv4smoke,malware6,malware,hybridpatch,3,backward,true,,bulk_patch,success,applied,0,1.0,false,6899,16526,23425,119275,none,none,exp_20260709_hybridv4smoke-raw-v1,call000006_1867d1b8,exp_20260709_hybridv4smoke-raw-v1#hybridpatch/malware6/rt03/backward
exp_20260709_hybridv4smoke,malware6,malware,hybridpatch,4,forward,true,,local_patch,success,applied,0,,,6694,14453,21147,85637,none,none,exp_20260709_hybridv4smoke-raw-v1,call000007_f485a8a6,exp_20260709_hybridv4smoke-raw-v1#hybridpatch/malware6/rt04/forward
exp_20260709_hybridv4smoke,malware6,malware,hybridpatch,4,backward,true,,bulk_patch,success,applied,0,1.0,false,6846,15969,22815,103879,none,none,exp_20260709_hybridv4smoke-raw-v1,call000008_99f2265c,exp_20260709_hybridv4smoke-raw-v1#hybridpatch/malware6/rt04/backward
exp_20260709_hybridv4smoke,malware6,malware,hybridpatch,5,forward,true,,bounded_rewrite,success,applied,0,,,6675,13633,20308,81944,none,none,exp_20260709_hybridv4smoke-raw-v1,call000009_baed0efa,exp_20260709_hybridv4smoke-raw-v1#hybridpatch/malware6/rt05/forward
exp_20260709_hybridv4smoke,malware6,malware,hybridpatch,5,backward,true,,bounded_rewrite,success,applied,0,1.0,false,6889,6570,13459,35966,none,none,exp_20260709_hybridv4smoke-raw-v1,call000010_25b27438,exp_20260709_hybridv4smoke-raw-v1#hybridpatch/malware6/rt05/backward
exp_20260709_hybridv4smoke,malware6,malware,hybridpatch,6,forward,true,,bounded_rewrite,success,applied,0,,,6691,7863,14554,46454,none,none,exp_20260709_hybridv4smoke-raw-v1,call000011_ee0c41c8,exp_20260709_hybridv4smoke-raw-v1#hybridpatch/malware6/rt06/forward
exp_20260709_hybridv4smoke,malware6,malware,hybridpatch,6,backward,true,,bounded_rewrite,success,applied,0,1.0,false,6978,4192,11170,24915,none,none,exp_20260709_hybridv4smoke-raw-v1,call000012_2ef9309b,exp_20260709_hybridv4smoke-raw-v1#hybridpatch/malware6/rt06/backward
exp_20260709_hybridv4smoke,malware6,malware,hybridpatch,7,forward,true,,bounded_rewrite,success,applied,0,,,6734,12006,18740,64265,none,none,exp_20260709_hybridv4smoke-raw-v1,call000013_38e3403c,exp_20260709_hybridv4smoke-raw-v1#hybridpatch/malware6/rt07/forward
exp_20260709_hybridv4smoke,malware6,malware,hybridpatch,7,backward,true,,bounded_rewrite,success,applied,0,1.0,false,6820,11811,18631,64363,none,none,exp_20260709_hybridv4smoke-raw-v1,call000014_b541788b,exp_20260709_hybridv4smoke-raw-v1#hybridpatch/malware6/rt07/backward
exp_20260709_hybridv4smoke,malware6,malware,hybridpatch,8,forward,true,,bounded_rewrite,success,applied,0,,,6674,11002,17676,58034,none,none,exp_20260709_hybridv4smoke-raw-v1,call000015_b0d5df4d,exp_20260709_hybridv4smoke-raw-v1#hybridpatch/malware6/rt08/forward
exp_20260709_hybridv4smoke,malware6,malware,hybridpatch,8,backward,true,,bounded_rewrite,success,applied,0,0.9999,false,6894,12366,19260,68640,none,none,exp_20260709_hybridv4smoke-raw-v1,call000016_840f53a2,exp_20260709_hybridv4smoke-raw-v1#hybridpatch/malware6/rt08/backward
exp_20260709_hybridv4smoke,malware6,malware,hybridpatch,9,forward,true,,local_patch,success,applied,0,,,6733,30633,37366,180519,none,none,exp_20260709_hybridv4smoke-raw-v1,call000017_5def280b,exp_20260709_hybridv4smoke-raw-v1#hybridpatch/malware6/rt09/forward
exp_20260709_hybridv4smoke,malware6,malware,hybridpatch,9,backward,true,,bulk_patch,success,applied,0,0.9999,false,6903,18701,25604,152644,none,none,exp_20260709_hybridv4smoke-raw-v1,call000018_2a5b4c58,exp_20260709_hybridv4smoke-raw-v1#hybridpatch/malware6/rt09/backward
exp_20260709_hybridv4smoke,malware6,malware,hybridpatch,10,forward,true,,local_patch,success,applied,0,,,6696,19371,26067,122897,none,none,exp_20260709_hybridv4smoke-raw-v1,call000019_5f7af7b1,exp_20260709_hybridv4smoke-raw-v1#hybridpatch/malware6/rt10/forward
exp_20260709_hybridv4smoke,malware6,malware,hybridpatch,10,backward,true,,local_patch,success,applied,0,0.9999,false,6843,16955,23798,118306,none,none,exp_20260709_hybridv4smoke-raw-v1,call000020_dfe1bcc4,exp_20260709_hybridv4smoke-raw-v1#hybridpatch/malware6/rt10/backward
exp_20260709_hybridv4smoke,mathlean2,mathlean,hybridpatch,1,forward,true,,local_patch,success,applied,0,,,6226,19351,25577,133773,none,none,exp_20260709_hybridv4smoke-raw-v1,call000001_fdad8f70,exp_20260709_hybridv4smoke-raw-v1#hybridpatch/mathlean2/rt01/forward
exp_20260709_hybridv4smoke,mathlean2,mathlean,hybridpatch,1,backward,true,,local_patch,success,applied,0,0.9997584249305472,false,6293,7073,13366,49712,none,none,exp_20260709_hybridv4smoke-raw-v1,call000002_9294c6f3,exp_20260709_hybridv4smoke-raw-v1#hybridpatch/mathlean2/rt01/backward
exp_20260709_hybridv4smoke,mathlean2,mathlean,hybridpatch,2,forward,true,,local_patch,success,applied,0,,,6221,18793,25014,149058,none,none,exp_20260709_hybridv4smoke-raw-v1,call000003_516202da,exp_20260709_hybridv4smoke-raw-v1#hybridpatch/mathlean2/rt02/forward
exp_20260709_hybridv4smoke,mathlean2,mathlean,hybridpatch,2,backward,true,,local_patch,success,applied,0,0.9997342674236019,false,6210,12547,18757,85659,none,none,exp_20260709_hybridv4smoke-raw-v1,call000004_bdbc6eb7,exp_20260709_hybridv4smoke-raw-v1#hybridpatch/mathlean2/rt02/backward
exp_20260709_hybridv4smoke,mathlean2,mathlean,hybridpatch,3,forward,true,,local_patch,success,applied,0,,,6190,86791,92981,568535,none,none,exp_20260709_hybridv4smoke-raw-v1,call000005_a1169615,exp_20260709_hybridv4smoke-raw-v1#hybridpatch/mathlean2/rt03/forward
exp_20260709_hybridv4smoke,mathlean2,mathlean,hybridpatch,3,backward,true,,local_patch,success,applied,0,0.9573723286523192,false,6390,31230,37620,222610,none,none,exp_20260709_hybridv4smoke-raw-v1,call000006_a0ada738,exp_20260709_hybridv4smoke-raw-v1#hybridpatch/mathlean2/rt03/backward
exp_20260709_hybridv4smoke,mathlean2,mathlean,hybridpatch,4,forward,true,,local_patch,success,applied,0,,,6410,36804,43214,256244,none,none,exp_20260709_hybridv4smoke-raw-v1,call000007_6ba1b64e,exp_20260709_hybridv4smoke-raw-v1#hybridpatch/mathlean2/rt04/forward
exp_20260709_hybridv4smoke,mathlean2,mathlean,hybridpatch,4,backward,true,,local_patch,degraded,applied,0,0.3586243595980709,true,11372,23039,34411,166837,quality,content_regression,exp_20260709_hybridv4smoke-raw-v1,call000008_a2f1f2b7;call000009_3bec93eb,exp_20260709_hybridv4smoke-raw-v1#hybridpatch/mathlean2/rt04/backward
exp_20260709_hybridv4smoke,mathlean2,mathlean,hybridpatch,5,forward,true,,bulk_patch,success,applied,0,,,10858,40865,51723,286284,none,none,exp_20260709_hybridv4smoke-raw-v1,call000010_c5d0f743;call000011_cc2694fd,exp_20260709_hybridv4smoke-raw-v1#hybridpatch/mathlean2/rt05/forward
exp_20260709_hybridv4smoke,mathlean2,mathlean,hybridpatch,5,backward,true,,local_patch,success,applied,0,0.357680565484423,false,5807,29860,35667,236224,none,none,exp_20260709_hybridv4smoke-raw-v1,call000012_b2604eae,exp_20260709_hybridv4smoke-raw-v1#hybridpatch/mathlean2/rt05/backward
exp_20260709_hybridv4smoke,mathlean2,mathlean,hybridpatch,6,forward,true,,local_patch,success,applied,0,,,5859,14886,20745,110758,none,none,exp_20260709_hybridv4smoke-raw-v1,call000013_9a48d23e,exp_20260709_hybridv4smoke-raw-v1#hybridpatch/mathlean2/rt06/forward
exp_20260709_hybridv4smoke,mathlean2,mathlean,hybridpatch,6,backward,true,,bulk_patch,success,applied,0,0.3575996328248844,false,5871,3270,9141,25078,none,none,exp_20260709_hybridv4smoke-raw-v1,call000014_f5a7db05,exp_20260709_hybridv4smoke-raw-v1#hybridpatch/mathlean2/rt06/backward
exp_20260709_hybridv4smoke,mathlean2,mathlean,hybridpatch,7,forward,true,,bounded_rewrite,success,applied,0,,,9800,38846,48646,257158,none,none,exp_20260709_hybridv4smoke-raw-v1,call000015_83629799;call000016_a01073ab,exp_20260709_hybridv4smoke-raw-v1#hybridpatch/mathlean2/rt07/forward
exp_20260709_hybridv4smoke,mathlean2,mathlean,hybridpatch,7,backward,true,,bounded_rewrite,success,applied,0,0.8490604781679276,false,7636,12950,20586,113243,none,none,exp_20260709_hybridv4smoke-raw-v1,call000017_67d2dc03,exp_20260709_hybridv4smoke-raw-v1#hybridpatch/mathlean2/rt07/backward
exp_20260709_hybridv4smoke,mathlean2,mathlean,hybridpatch,8,forward,true,,bulk_patch,success,applied,0,,,6250,701,6951,12858,none,none,exp_20260709_hybridv4smoke-raw-v1,call000018_4c7cb852,exp_20260709_hybridv4smoke-raw-v1#hybridpatch/mathlean2/rt08/forward
exp_20260709_hybridv4smoke,mathlean2,mathlean,hybridpatch,8,backward,true,,bulk_patch,success,applied,0,0.8490604781679276,false,6238,1502,7740,12407,none,none,exp_20260709_hybridv4smoke-raw-v1,call000019_49a77cd3,exp_20260709_hybridv4smoke-raw-v1#hybridpatch/mathlean2/rt08/backward
exp_20260709_hybridv4smoke,mathlean2,mathlean,hybridpatch,9,forward,true,,local_patch,success,applied,0,,,6222,6447,12669,45608,none,none,exp_20260709_hybridv4smoke-raw-v1,call000001_fb6d1939,exp_20260709_hybridv4smoke-raw-v1#hybridpatch/mathlean2/rt09/forward
exp_20260709_hybridv4smoke,mathlean2,mathlean,hybridpatch,9,backward,true,,local_patch,success,applied,0,0.8391459604225563,false,6426,9118,15544,71195,none,none,exp_20260709_hybridv4smoke-raw-v1,call000002_0bccc756,exp_20260709_hybridv4smoke-raw-v1#hybridpatch/mathlean2/rt09/backward
exp_20260709_hybridv4smoke,mathlean2,mathlean,hybridpatch,10,forward,true,,bounded_rewrite,success,applied,0,,,6234,11052,17286,73453,none,none,exp_20260709_hybridv4smoke-raw-v1,call000003_dd5f205a,exp_20260709_hybridv4smoke-raw-v1#hybridpatch/mathlean2/rt10/forward
exp_20260709_hybridv4smoke,mathlean2,mathlean,hybridpatch,10,backward,true,,bulk_patch,success,applied,0,0.835450067266338,false,6158,30465,36623,244448,none,none,exp_20260709_hybridv4smoke-raw-v1,call000004_deec5bc4,exp_20260709_hybridv4smoke-raw-v1#hybridpatch/mathlean2/rt10/backward
