sample,selected_source,selected_result,selected_rows,selected_backward_rts,mean_backward_rs,result_sha256,task_plan_sha256,note
accounting1,frozen_fr,Baseline/exp_20260710_frbaseline234/fullrewrite/accounting1.jsonl,20,10,0.49989021095635583,c95f27c7a87f5fca028cc64136309ec6a5f990e81348f073d7d7b8bd45c7db30,b16c75528c897b4d640c3be8adc63017b4e078bd87db5e552af957d53770980b,
accounting2,frozen_fr,Baseline/exp_20260710_frbaseline234/fullrewrite/accounting2.jsonl,20,10,0.2953758788534343,cdbf3502ebef76fbf4e21e14cd0ad07d18e046e44ebd66f8851371ae16b781b2,12c6fed57582a45c594be054fb810929cca0b0080b5721ffd04e56a712e61f55,
accounting3,frozen_fr,Baseline/exp_20260710_frbaseline234/fullrewrite/accounting3.jsonl,20,10,0.881329172742115,b40302a26a0697f261fae16c3a8ce714e03e6318d60c88e5f323792dc39fe662,7d24987b2a4fc2386245c4c0fcc798ca8e3a88d075ff5ed69a9a713397aadacb,
accounting4,frozen_fr,Baseline/exp_20260710_frbaseline234/fullrewrite/accounting4.jsonl,20,10,0.8906888410173417,1984c316e8c2289fd1191954e70101e30cf459bdb4ae079d865bb092c255b920,a737f3d0bdd654d740be4ecad3dafefaf314a23a67e79c8632f0613fc8561fb6,
accounting5,frozen_fr,Baseline/exp_20260710_frbaseline234/fullrewrite/accounting5.jsonl,20,10,0.9856895099350875,85e8c618f76176c9483cc61de21ef7b7b3af362a17e2c8856eb0e2ca78f00a8b,5a31fe6da7a0b4ddb23d9f5b6bc7a3d5fdd46a58b76f85ea82047941c0c36869,
accounting6,frozen_fr,Baseline/exp_20260710_frbaseline234/fullrewrite/accounting6.jsonl,20,10,0.9407643287975415,8dca37d534fce458118a7b1bc0b216417a0bdf235542ef22a9a13390f9667841,e08b53e46375dde70048f5301ba59ca085e49f5bfaefaf732842415444488454,
audiosyn1,frozen_fr,Baseline/exp_20260710_frbaseline234/fullrewrite/audiosyn1.jsonl,20,10,0.3742473,3e58790835fbb5ce964d3388d19b4966af24700cea8fe9ec8dc14ba818b51529,fda45051e9e1e3a223a3a90371ea22d765b687eb12ceab874f5dbb55b890c684,
audiosyn4,frozen_fr,Baseline/exp_20260710_frbaseline234/fullrewrite/audiosyn4.jsonl,20,10,0.995727,84b898b8dff61a2d27e7eae45f5ac291db9b4d6bf8ceef98ace6204625d1a098,260ad1e5262a56af28f84df903b6900f663da45302b56d6ba047ea470a5678f1,
calendar1,frozen_fr,Baseline/exp_20260710_frbaseline234/fullrewrite/calendar1.jsonl,20,10,0.690199338078876,ff9ec088038d3c9fbda32b4fead8c95554a614f71b338a8ee89518ffff54bc6b,16e0783b007f402d3d15431b9227d1d1d0b4b6d1681f4ff827818aaa4301c073,
calendar5,official_baseline_v2,Baseline/exp_20260713_frbaseline_v2_rerun/fullrewrite/calendar5.jsonl,20,10,0.0,22d69b01f9bbbd8c335e85a3e53678f61e6032e04625335816f5abc91aef5f36,9fb5c89b782eccd9fd4cc4f1bf193db709934f886e5cf89e3daa12d5ba428849,
chess2,frozen_fr,Baseline/exp_20260710_frbaseline234/fullrewrite/chess2.jsonl,20,10,0.6496835083931858,fb502b21e0741eba3605a8761cbba90b88f443680e421609a1e3998b10a59404,22d3ded9c1218cd7518e29a4951a45d15929653c7c7dadd0d6456d752452641c,
chess3,frozen_fr,Baseline/exp_20260710_frbaseline234/fullrewrite/chess3.jsonl,20,10,0.9191414633292827,f8a3916152facb28ead2b2377b8f6bcabdffc572a575b9d243125a232bd83c2c,7a72baa6bd5aca1085b2f81ab219386aa39fbe0ca28e2594568276ea08578502,
chess4,frozen_fr,Baseline/exp_20260710_frbaseline234/fullrewrite/chess4.jsonl,20,10,0.5282095025329567,4183362664249dbe8517310a400e19affe108371b5ef7db567de2ea623ecd3c9,1e0b1299b4fa7a3412424258f51f00a7ab039063564258e264fd015cc1e23a0c,
chess5,frozen_fr,Baseline/exp_20260710_frbaseline234/fullrewrite/chess5.jsonl,20,10,0.9996666666666666,dbfd5cc3f00316ab2339ca3dcdf9e712c77d9ddec3b110565b230799afbe0d96,7fcc60e76c533cce9b32ed2310098156e54e7e71a680c7d4e86d3fece1eb739c,
chess6,official_baseline_v2,Baseline/exp_20260713_frbaseline_v2_rerun/fullrewrite/chess6.jsonl,20,10,0.03556861478719972,f09150d6ddee48f8ae33a224c66e322d0ef4f640e24d97609c9005e722c9b662,84a4d54468e65b33ac8e1f5a3dec198a5d61332830f063bb09b9d6072117db3d,
circuit1,frozen_fr,Baseline/exp_20260710_frbaseline234/fullrewrite/circuit1.jsonl,20,10,0.9748963,0ab7ef07b0cb920806eb6f1a6ce637c605256c049caad65d8c7f58933bb923bc,612e73daacbe455fab726d2c3790cdb92a009bfa21d6929462a86d22361742d7,
circuit2,frozen_fr,Baseline/exp_20260710_frbaseline234/fullrewrite/circuit2.jsonl,20,10,0.999893,8155a8ec52c1d5117dd7e6ffc53ce721c5fe82ec11187611c8d176ae0270ae09,052ab7035ee6979d279c86bebc1121b9332e80565ede482259f1f8f73b1ffdf0,
circuit4,frozen_fr,Baseline/exp_20260710_frbaseline234/fullrewrite/circuit4.jsonl,20,10,1.0,d6654273a37d94f99c1b477e94324ea5da37decf30a5b595b8752ce12d157e43,d1d1cf940f8133c3a2a0244e3f424479e9a3db9fc072248afb5c360e9f1468df,
circuit5,frozen_fr,Baseline/exp_20260710_frbaseline234/fullrewrite/circuit5.jsonl,20,10,0.9988,7b6544173b51108d94bf043ea5866c1ca49339c6391edfe0eaeaafce9a1b760e,f970c513b3a9d7992bc72959e0e903eebd37df740cf2328cf911e05ef5406610,
crystal1,frozen_fr,Baseline/exp_20260710_frbaseline234/fullrewrite/crystal1.jsonl,20,10,0.09999999999999999,60c780bc99fde6fc6ce054a9d1893f72ded1ab6bd6aabd4df10fc6db4510c09d,993463cd047462463642a0bc8d2dab5517642071a90102479e3b0e774d2212d0,
crystal4,frozen_fr,Baseline/exp_20260710_frbaseline234/fullrewrite/crystal4.jsonl,20,10,0.9863636363636362,b738be47ad3f16f819a747453d125b23a4e6040c786fab7e0700bec9faa9a755,c89341c46f7e2495487b8e677f82c2f5b74a9e6ab3509f2c406e4b3e86060f95,
crystal6,official_problem15_fill,transport/exp_20260713_problem15_official/fullrewrite/crystal6.jsonl,20,10,0.1363899196042053,21a84379273cfd7a6a3aa128551e2182aa0af0de8804259bf62ebe15fd80a40e,c80a4bb5087ec0666a0ec77950759490bc22951fc404ae2dffa7f0f01907c5f7,
dbschema1,frozen_fr,Baseline/exp_20260710_frbaseline234/fullrewrite/dbschema1.jsonl,20,10,0.9942543700376266,62314e4b1eb0cbccaaa2bba29b4aabcdf1d8ef0bb7dd704cb0a52df5c54666ce,8c1f384872fa61fda03fff5c6e6ac90ea0cdd74e4f510007c0bb63772829a2e0,
dbschema2,frozen_fr,Baseline/exp_20260710_frbaseline234/fullrewrite/dbschema2.jsonl,20,10,0.9802012345679013,dea52572f85c9cad1a34d4fb1c09634359130e249ab58d73935ff2c75e5e57bc,1ac45df44d446c5f1d06e81cf7705eb43d569d94ad0b19072e3a2b998cbd839a,
dbschema3,frozen_fr,Baseline/exp_20260710_frbaseline234/fullrewrite/dbschema3.jsonl,20,10,0.48882222222222227,ec8fd1fff2435b890066a390e1b9bb5430c8cc9c307f5e8a4ed5a8f04b79bc0c,594af336ad53e7b1f477a3a4ffc3b16ac4c6073d68b0de1a6fd86a3a55478928,
dbschema4,frozen_fr,Baseline/exp_20260710_frbaseline234/fullrewrite/dbschema4.jsonl,20,10,0.99666557399028,873287d044bb431b1423861cb7b8eedea53196487d267dafa59096459d7adc8a,89086fa07634a481e276688bba1cb127354461ff0976e5fd1a7c9bb7fcdb6dde,
dbschema5,official_baseline_v2,Baseline/exp_20260713_frbaseline_v2_rerun/fullrewrite/dbschema5.jsonl,20,10,0.5733078253254538,868db32feba7478e080dc5af8baa8d665fd32d1fb58ffa8866a962772ef39bcd,570a1d2e75ebbf74a29225799af12455a82a74b1233299167f30b557c1823170,
dbschema6,frozen_fr,Baseline/exp_20260710_frbaseline234/fullrewrite/dbschema6.jsonl,20,10,0.9997375824175825,83131b9b266682e22a7ae3e66971561f2c14a325c0e88bb8b2049c27ec3b351c,29322ff1298d379135e9d9e1e69e42b7e89271916df52ea6ac9a3f9bacd2f4da,
dns1,frozen_fr,Baseline/exp_20260710_frbaseline234/fullrewrite/dns1.jsonl,20,10,0.29931158358153104,aa4ab0ae6a5d0132a3cdb4dc9aa827fdce4ea19f2a8230513f2ee009a5d5230e,04582f651732a0c660094d9be02c92e146b4690e9ed8763a19d28e58a84ad09e,
dns3,official_baseline_v2,Baseline/exp_20260713_frbaseline_v2_rerun/fullrewrite/dns3.jsonl,20,10,0.0,cbb8135f4233c7a7b720320f1394b02704322856c4c540e3fb8a1577352473e0,39847727e12cc4c090a57a1ee956e40313ed3223e21c8c3abdb4cfe57c1fb098,
docker1,frozen_fr,Baseline/exp_20260710_frbaseline234/fullrewrite/docker1.jsonl,20,10,0.9133866272560897,bcb7f363ae3a304cac2d4a8dd48ac80c6e5f48bf6a2ab82521870790117fa690,c77a94fa8633e38c15deb106739ffc538d1397acf46855ac0be27bbb568237c1,
docker2,frozen_fr,Baseline/exp_20260710_frbaseline234/fullrewrite/docker2.jsonl,20,10,0.522918656201309,3b4ccb615c0a851673fc5d52c84358c9748eb148f92e96617926d7c10e2cd340,4e0ca08272c48ea32a91cbc012bde7cd8925cd77bd80e3c7fba3170bb83726ce,
docker3,frozen_fr,Baseline/exp_20260710_frbaseline234/fullrewrite/docker3.jsonl,20,10,0.9536272480351142,50f7e9c945e295550e3a1dfd9d83a4b80c493fd313d4714badf732e8d7fc430e,0d95aacba8f69867208fdaa9bad0d62b36b613c1716fdee6dd979452ffc8bace,
docker4,frozen_fr,Baseline/exp_20260710_frbaseline234/fullrewrite/docker4.jsonl,20,10,0.9071290683284802,ac12232bda9a2fe874f9d024ab221b86598c7a5140003bc205daf87a84783edb,b1729408273ae09c92c81baa59d504810f5b481426264f99a1d9ed3d35901341,
docker5,official_baseline_v2,Baseline/exp_20260713_frbaseline_v2_rerun/fullrewrite/docker5.jsonl,20,10,0.004282579811318853,3831a9aeafb5cc09568f06de3e6ba54f596b0870551e28917596d3e4c59d37e0,c8fe0ab34f8de0f52c6639dad29218a624f0984d42f97872bdbc270457930ad9,
docker6,official_baseline_v2,Baseline/exp_20260713_frbaseline_v2_rerun/fullrewrite/docker6.jsonl,20,10,0.01645194139242969,e1333484c448a5094725625eca72236b865da4ee63783a9c085bdf36f3466e04,79a5f8c3426ecf8c30062c76c9c468d3676cb86ef193ecfbfe3cd26254aea0df,
earncall1,official_baseline_v2,Baseline/exp_20260713_frbaseline_v2_rerun/fullrewrite/earncall1.jsonl,20,10,0.047333557301703764,6a4f4e7af903c4aab240dd2e3b45b6a86e3fb31469c21586fdb3ece1f3e211ed,1d3259d2b214f51e7fb2efacb1c8c19a7baed570e98b64b34a088d1039eed06d,
earncall2,official_baseline_v2,Baseline/exp_20260713_frbaseline_v2_rerun/fullrewrite/earncall2.jsonl,20,10,0.02847002150421497,2fc2098b485d0ce03dc4054ea77f8bee5c0552bd1ff495e7e9e22fee83f2dc83,fbc52d39da80878cea581fa512d449806c428ca78dfe248a731aa8f2dbbf5a62,
earncall3,frozen_fr,Baseline/exp_20260710_frbaseline234/fullrewrite/earncall3.jsonl,20,10,0.6189922829900684,0ef1fbfd6d9def71719e8e55c6293e995ccae7bfedcf55b05f89e38a56d9a86c,faac742913fd2da3758fa94c8968087ceec1873be9e938a17c04dd7116a1ea4c,
earncall4,frozen_fr,Baseline/exp_20260710_frbaseline234/fullrewrite/earncall4.jsonl,20,10,0.23398148148148148,4d89b9c47c410d07b1e682fb6f0fc86d8e2e4c1498bc09eac7c4a8f61468b527,6e7a71175bb60bfe22822723cff757b245fced9f90f8ec22c3c5328f86edefaf,
earncall5,frozen_fr,Baseline/exp_20260710_frbaseline234/fullrewrite/earncall5.jsonl,20,10,0.831158728425162,dedc38b325da0dc4e2f9bc84df4bdd91eb93c3ab6fb721c72a9dc2ac74ec2085,587e1f10c753425cf70c3cfa4cf3de3f1cb97cf58e1edabd1e623cbe570e567d,
earncall6,frozen_fr,Baseline/exp_20260710_frbaseline234/fullrewrite/earncall6.jsonl,20,10,0.8367082046285576,8dbe9019acb704932426f4042898e8040d8ac8ff9f48c61a5bff4051cf3b8303,c4882877665f9b714c4043a50c24dcbaf0d2247f5cc05e4bf894890b452f4364,
edifact1,official_baseline_v2,Baseline/exp_20260713_frbaseline_v2_rerun/fullrewrite/edifact1.jsonl,20,10,0.0,c7bef49e1be7ba23d34c2da89f5fd275e47fa71cf8d6f69d8cff89e07837e6fd,3f276adaa89e1cbb4108687eca5a96afd89610cdce133d7bd831ae35268b71ae,
edifact2,frozen_fr,Baseline/exp_20260710_frbaseline234/fullrewrite/edifact2.jsonl,20,10,0.9759294117647059,3bda619837dd73012f4d310ad216ecb8866122ed716f13690ec86a13f960d13c,ba6b1e9839531ba2a9a76bdf50aa23a0cacddea83199dc4e80c9b8e89dd577e3,
edifact3,frozen_fr,Baseline/exp_20260710_frbaseline234/fullrewrite/edifact3.jsonl,20,10,0.9933333333333333,8c1d754143644369ef21ab94426d15fd025a476413f3c3d8310690d4603ba699,8db595672ffa5d03b9684c4c912b757061a5e1c229fc6fa46e22f447fbcba10b,
edifact6,frozen_fr,Baseline/exp_20260710_frbaseline234/fullrewrite/edifact6.jsonl,20,10,0.9760000000000001,7593f4eeaf12f0346ee5b1e1b205995a8c5148972c4c490c939219d14aa5d397,fb8d827625d50e4c161e3f36e8bf2651f629b0d4f7a283a02578a4878d0c86b8,
emails5,official_baseline_v2,Baseline/exp_20260713_frbaseline_v2_rerun/fullrewrite/emails5.jsonl,20,10,0.18897383920992192,2b394a66d295f739c667c05fed6129542f7626a2ad4b5b8b27b535b5a539700b,8845f2e452076437338b6daf577990a8eb5c5e170b0a90bf1d6857c55e7a353e,
emails6,frozen_fr,Baseline/exp_20260710_frbaseline234/fullrewrite/emails6.jsonl,20,10,0.497927378283381,3c5f87c2f21f0057ab79b5bfc93df3c52e60f61a9590a73a17a48cf184242740,f54ac9d3daafa2a3a410ae849480b0c207bbdd06c5de3778867a32b119771c90,
filesystem1,official_baseline_v2,Baseline/exp_20260713_frbaseline_v2_rerun/fullrewrite/filesystem1.jsonl,20,10,0.02938851025557979,8178e1846e7be1b28daef4adb7ea25b5a9be211d17a812b513cec7deade63db0,d76e2427e36833b6bf36fbf766d1b33b47cc228d9aa3c0fe0d01538a967f587f,
filesystem2,frozen_fr,Baseline/exp_20260710_frbaseline234/fullrewrite/filesystem2.jsonl,20,10,0.9876965292096354,3178cef07d3f7dd185f4a9124b0d2a95d839382983723bbee3afc517d10fe858,9408dfecee085f58bca5ab141d2ef655f58a2c4171d10e2cb0572713ed0633ee,
filesystem3,official_problem15_fill,transport/exp_20260713_problem15_official/fullrewrite/filesystem3.jsonl,20,10,0.0,42c7e9af1bafa081fb1fe8c30ab182d64f99347108b184e057fbd829853704de,b18c495c20b5cb65e10d20a1f99828c3a48084a3247e3a2c52ae706151ba47b8,
filesystem4,frozen_fr,Baseline/exp_20260710_frbaseline234/fullrewrite/filesystem4.jsonl,20,10,0.9949740408733475,fa2c9b1f11ea9e78cb5fdcad07e7df09e830f1394f5d5d693b8fd6975615aefe,e18f6c340d054362e1554b1c39258c43fb978a95b80a62017cc590462521ff90,
filesystem5,official_baseline_v2,Baseline/exp_20260713_frbaseline_v2_rerun/fullrewrite/filesystem5.jsonl,20,10,0.0,192c3649d3979ac5c22c445ce421209cea2b50fb5cf7e09cf3fd50b0c74c6210,1a5ddcdb85b25dac59cecbe2eaddb62965e0a3857888a89f0f62c59bb620c531,
filesystem6,official_baseline_v2,Baseline/exp_20260713_frbaseline_v2_rerun/fullrewrite/filesystem6.jsonl,20,10,0.0,74e76a22b20c9571e3c6c414b6fde08883d8c3b8b64b17822bd8ea5d86ee5e5f,787712e1bed5cd5203f69c5b31fb511f101ff3eccfd91dce9a41872c0687a88f,
fonteng1,frozen_fr,Baseline/exp_20260710_frbaseline234/fullrewrite/fonteng1.jsonl,20,10,0.91088609636,fa8ccbbb43af397ecbd9b162d72aa179a158119e562626d224e79d0cdf3de8ee,c0944a1b1495397fa6725778bd495d9b9f933618e45be511ac889265497b5388,
fonteng2,official_baseline_v2,Baseline/exp_20260713_frbaseline_v2_rerun/fullrewrite/fonteng2.jsonl,20,10,0.15036572236,4fce65194d70cc41bf4b91dc4a20fa914c640f15749af49c1705dfbbff46767c,6b137165b77b0d0816883f10d5dd8cd8fe54a7bd86ab6a327f46008c2f95ac61,
fonteng3,frozen_fr,Baseline/exp_20260710_frbaseline234/fullrewrite/fonteng3.jsonl,20,10,0.95962106819,2e383dc1dff3e448628b4d1dd9dc24b7d609e19a9753235803a4238d8ad6918f,bc64b4b5a6e920b5e6c9a61519389ef48925cecb70e11dab232ad05e88ef31cd,
fonteng4,official_baseline_v2,Baseline/exp_20260713_frbaseline_v2_rerun/fullrewrite/fonteng4.jsonl,20,10,0.00220591472,5501b3983c2326581b169bef73fbc4610b771f2107a4f3e8ac4d3d6a666b4386,0381117450b9f46ec74345f6720fab6ea2c411205fdb8c53ff5aaf6a5d04df01,
fonteng5,frozen_fr,Baseline/exp_20260710_frbaseline234/fullrewrite/fonteng5.jsonl,20,10,1.0,1d36d455af11f908b8b9efa50023f3234078cc8680faa83167d5e5d37fbb3343,6df0bea314714087dbf4571f44c8c32185267a651a061edd426c81710e282e27,
fonteng6,frozen_fr,Baseline/exp_20260710_frbaseline234/fullrewrite/fonteng6.jsonl,20,10,0.97518939388,603d2c06ae536944ef5ae83e9c2337a90a5dc44825ab6d349ee0e565a58f357b,c668bb6e762cdc24f93a397db44520a0968037a803615146fb9fa8f4bad0ae53,
foodmenu1,frozen_fr,Baseline/exp_20260710_frbaseline234/fullrewrite/foodmenu1.jsonl,20,10,0.7997914077920024,91f622691095dd913dd8a198e87f59c9c37fe55a6c1811879bcb0c713c3a0dba,c5181c5e39720162c77d1d96d2d30e27193b4b69176ce025b32fa858ca1f148e,
foodmenu2,official_baseline_v2,Baseline/exp_20260713_frbaseline_v2_rerun/fullrewrite/foodmenu2.jsonl,20,10,0.22050056244263225,9fdaac7b1090539dec21a2fcd1d641eb55f8934cd2146d462ce5598c27c5e608,c09df7ddc05fe227d8aaa1162b57a1922b2534f7569dd482edfcf50307b1c3c6,
foodmenu3,frozen_fr,Baseline/exp_20260710_frbaseline234/fullrewrite/foodmenu3.jsonl,20,10,0.6590962438360286,080e437b67d4e16a1341190d85d78470877c3f230cf3bf3b934761c9bab99efd,9f1270a53afe79d5ea6a37622c69a8bab33b0bbfa37656c97bf3f014e6c86fcb,
foodmenu4,official_baseline_v2,Baseline/exp_20260713_frbaseline_v2_rerun/fullrewrite/foodmenu4.jsonl,20,10,0.045216658800309464,933df0e33912f52adf54c7b8f4370f16c01603874d85424ed35c248b008efb2d,7bf9add3242b2de303c7247e289d00b3c695c5c7672295e10a11704af9bc9fa6,
foodmenu5,official_baseline_v2,Baseline/exp_20260713_frbaseline_v2_rerun/fullrewrite/foodmenu5.jsonl,20,10,0.14574142277964147,b2f7589e2a609f02ee5228449a9c846a0e9dba25b4b2974c304a49b8b7ee5fbf,95a33f14a228e470def10df3ec98adb9d9005467d25371dbe6ded05b7ead9eb5,
foodmenu6,official_baseline_v2,Baseline/exp_20260713_frbaseline_v2_rerun/fullrewrite/foodmenu6.jsonl,20,10,0.95722375,43cd2628c84800e03f48e54f77681c90be20c9255540ffc019c0e5bb02b27996,1ffa299eefffa442d2cea4a76aeb7e6f1748ec3744764ee9fec7bb573f467141,
genealogy5,frozen_fr,Baseline/exp_20260710_frbaseline234/fullrewrite/genealogy5.jsonl,20,10,0.13164062499999998,eed2b317e670f221e75199adfadd80c43edb9835a75c4f01ee43a1390b007c2d,7a19bad07ebb0e5187328bc824f6d9ef1458ebdab8aea643ea79b7e93e87072f,
genealogy6,frozen_fr,Baseline/exp_20260710_frbaseline234/fullrewrite/genealogy6.jsonl,20,10,0.29905122557134683,73fa369abd7a046af1125ea0318e7700b2b941e6638213efe3ec18096d7692ac,e090356c2f87d531d1de3566cb1d91798da5a039942b4cbf19ae95759a425407,
geodata1,official_baseline_v2,Baseline/exp_20260713_frbaseline_v2_rerun/fullrewrite/geodata1.jsonl,20,10,0.1,15662f62c6ada3e1b90b23d4adc035a69a456bf04a7e483abe13ebccfb1a2bae,4959b7d6944206a1b5511b26722b7dffb1f87b131fc36cc045066b90986d3c35,
geodata2,frozen_fr,Baseline/exp_20260710_frbaseline234/fullrewrite/geodata2.jsonl,20,10,0.6584601030436982,b50301dbff02b790925496d650ab921c6218759a59a0928e5c496ae20144f4ef,142356cfd46b3ebc0789fdc50759ff818a213675eb001af58c475408b011a472,
geodata4,official_baseline_v2,Baseline/exp_20260713_frbaseline_v2_rerun/fullrewrite/geodata4.jsonl,20,10,0.0,2cbf8406ee4892bdad7bfe728b5b70f791b1a5ac4627d16f692d12dd4a33c061,1d6f64a8a5d23b879d2dbe5a5c6bf8c16b585010c3b1be5556a49137604419fe,
geotrack1,frozen_fr,Baseline/exp_20260710_frbaseline234/fullrewrite/geotrack1.jsonl,20,10,0.5281612903225806,bd5ab4c41db038cd5d53506693d96a8f48c09f8f4854cf89f1962e4ec1fdb591,6208a9d4310684701705e0a272c286f0662f9a45ac1f86c0e9bb4c7d6d6ccfd5,
geotrack2,frozen_fr,Baseline/exp_20260710_frbaseline234/fullrewrite/geotrack2.jsonl,20,10,0.8179386656004854,0b5bfde87105302bd9f02b9a74baae81aa3470f77046d963250b8c4af1a49b45,59058b00aa09e0bf2b89ad396b68a5a856cd32d514bc324432358077434f59b7,
geotrack3,frozen_fr,Baseline/exp_20260710_frbaseline234/fullrewrite/geotrack3.jsonl,20,10,0.7810000000000001,17a7772f2ba63827f875fc04e69bda7e690f62acb998679ce7967aecb384dc40,fdec868aebfc9dff6ceb692f8247a499cf6f83c0eaa8ed6227045e9b283c393a,
geotrack4,frozen_fr,Baseline/exp_20260710_frbaseline234/fullrewrite/geotrack4.jsonl,20,10,0.17275,6e26c9f5dcaaf205f8e5cfa1a2a1228939a80dbbe6a78b30d8e56c1fe5176175,89a65e70f1880552b3ac7ac89c0a162db509c9bce051ddb5e24e1737b50c8f69,
geotrack5,official_baseline_v2,Baseline/exp_20260713_frbaseline_v2_rerun/fullrewrite/geotrack5.jsonl,20,10,0.09895000000000001,d759217e2fc818b0cac98c94848ac72889d8a53a6667865d51b7fbb6904e6e3f,7a2d53bca305fc925e01f30a7412bb463572acf2e8b0184e63863cd44e99f3a2,
geotrack6,official_baseline_v2,Baseline/exp_20260713_frbaseline_v2_rerun/fullrewrite/geotrack6.jsonl,20,10,0.19183198879551822,a98b2b509041b1c4c6a5363d51f53c65c8c2731f9ea7b3f3b1463efdcc4587af,c716514d4cb5041c916a0882a34cfabd70dff161040a899f70b15fc353e9c32f,
graphviz1,official_baseline_v2,Baseline/exp_20260713_frbaseline_v2_rerun/fullrewrite/graphviz1.jsonl,20,10,0.29786043914464394,311816d38428bce8b02e4ad07f39c9d54070c75f41894c4e48c72fa0ca7588e2,dc6b528236b64312f4f4322d730da9307a6db79e5d25efa1d4274c249f6ce366,
graphviz3,official_baseline_v2,Baseline/exp_20260713_frbaseline_v2_rerun/fullrewrite/graphviz3.jsonl,20,10,0.0004144805263201212,b0046c760ac9630f46e5a448f1381319d07db8d0b1a7eb869c8252f6e7900460,68cd46f963245a7bff66fe01c960b21e7687172d375e07e76422fca313b95289,
graphviz4,frozen_fr,Baseline/exp_20260710_frbaseline234/fullrewrite/graphviz4.jsonl,20,10,0.5704625217680263,948d4adc869d9fcec6499f7da758e1be49511507584801eea19d532d046f88a3,6a5cbef09fa9487e13fe83d41fa0e1b1c918cda1b5be6cec1ca5ee527d64d199,
graphviz5,official_baseline_v2,Baseline/exp_20260713_frbaseline_v2_rerun/fullrewrite/graphviz5.jsonl,20,10,2.307242848842652e-05,0658e384ea5b1db6f635120fc9eb89fc799c4a5ab289fb9cec9ce6289a8cf07b,605ebb2c7160927738e089a321b7c3b5aed24b12384e4629baaac795dcd602ad,
graphviz6,official_baseline_v2,Baseline/exp_20260713_frbaseline_v2_rerun/fullrewrite/graphviz6.jsonl,20,10,1.090231569675886e-05,d1d04a0791f2a510b8d5e349447e36f260515b8817ed3e08c0ee08b6d281ada2,84f336b8d450989746820ca4114f1c2a88a1479dab4f97887c93b0ecfdc5ed8c,
hamradio1,frozen_fr,Baseline/exp_20260710_frbaseline234/fullrewrite/hamradio1.jsonl,20,10,0.8854918013128311,9321db50b1acfda3a99fee10839d4a507decaccac06796102bf8aebd15f1d9a2,99836872b73ca541ece5baf87a0877af409bb5e99009acead3618f5447cc268e,
hamradio2,official_baseline_v2,Baseline/exp_20260713_frbaseline_v2_rerun/fullrewrite/hamradio2.jsonl,20,10,0.0,1b42e91c8e7da2814c40a146d29267f453e3ea8b1526cfee739ef63a2c9c76d3,8dce38d38175a012c164214c4985a4703a1ac71e903c4403660900487538494a,
hamradio3,frozen_fr,Baseline/exp_20260710_frbaseline234/fullrewrite/hamradio3.jsonl,20,10,0.9969469696969697,480016f01cb3e438efc1d78dd2668c60478c01e524c94e8c543d6e824c6965af,295e3043e0c58905dbb9d74cbdb67041fc13a0409a0907a795467cce3a926ea0,
hamradio5,frozen_fr,Baseline/exp_20260710_frbaseline234/fullrewrite/hamradio5.jsonl,20,10,1.0,9feaac96210622f6333c83aa7f3513500b043f8bd4b0de742efc8f22c3db0dd6,019da953aead9344e777cfc0161ed11f2a35f8582b463df2ec8d0e0e9a066e1a,
hamradio6,frozen_fr,Baseline/exp_20260710_frbaseline234/fullrewrite/hamradio6.jsonl,20,10,0.962251611863314,e01cce958780c598296b61b2563dc241ffe32652a1e7447cdff2f85da8d09a4e,19ae829dce2f3f51f8e57a8b7a247977ea2709c7ba2494694bc0ba8def867d2b,
infra1,frozen_fr,Baseline/exp_20260710_frbaseline234/fullrewrite/infra1.jsonl,20,10,0.9505463134425248,2638409ca975a171cb78c24a777984456c257f9a0221316be379df4b43b9a41c,57d0da9f2072dfb34690d8ffdffcdda2d72eae599280042211ad46e07b21d449,
infra2,official_baseline_v2,Baseline/exp_20260713_frbaseline_v2_rerun/fullrewrite/infra2.jsonl,20,10,0.0013410685696734362,83ff654da916711b1223d0a53741dc2e5fed10bd72e36baa8105ce3117abc2e6,c4552f959cf0ac88a71b93a918f2f3047b7facda9c4198a4ea3375f0af858861,
infra3,frozen_fr,Baseline/exp_20260710_frbaseline234/fullrewrite/infra3.jsonl,20,10,0.9104108603414791,ae16163b1f00d9fc2959f9bb984756c7ecad7e75b1806aa4f1f6436ae85fa306,c3b173a0ca8944f8f1705e900be039d8b52761e58eaede98013bf4624474ad89,
infra4,frozen_fr,Baseline/exp_20260710_frbaseline234/fullrewrite/infra4.jsonl,20,10,0.9996703997450416,5d6cf418b2984352274646b80e1bae6e9ea727a334215aae321ba0cf12c8a5bc,6877511f2c4bb95c3c8b1c6ef167e2c0ddcb99ef7c816f126b5fbc73e2dba1a8,
infra5,frozen_fr,Baseline/exp_20260710_frbaseline234/fullrewrite/infra5.jsonl,20,10,0.9359954654124326,3f429ed64a53895a5063933150a5e0eeb716d7ab191063b8aed73affd3fdc26b,20f5d4d4eb43a8298b501f41cd70eeb2c04d08d530789cca47d67b8bc45f3550,
infra6,official_baseline_v2,Baseline/exp_20260713_frbaseline_v2_rerun/fullrewrite/infra6.jsonl,20,10,0.0030296766804229465,640550deeaf912b69179880cfa976f0438f8c4ed063ac2f1b58cd123ab6c666e,9458ef447a4163089e4a769bd9b61274935d9c2d3a6cde56be68bb2b7340d5a8,
jobboard1,frozen_fr,Baseline/exp_20260710_frbaseline234/fullrewrite/jobboard1.jsonl,20,10,0.8668750859875475,68daf8da582f211637bd4b91d751c10575b58e10315d812edee419db06e0b93e,895747a5c4b7d4553817a8df74880460f6e93f53dcfe88a90ae50a50466f1fd0,
jobboard2,official_baseline_v2,Baseline/exp_20260713_frbaseline_v2_rerun/fullrewrite/jobboard2.jsonl,20,10,0.0,568810027a050f5b909f0edd7dfdeac133a6da3c029e5bac316d3900ec4f5a1a,d1952d9c3707cd93e1f4bf1c8e5a10f2795f200ea81c1bd847df7e383f52ff6e,
jobboard3,official_baseline_v2,Baseline/exp_20260713_frbaseline_v2_rerun/fullrewrite/jobboard3.jsonl,20,10,4.2817578496331286e-07,e7e4b4397276bbff85c3a10431e71c742aa8192b6ed54bb3f169d1f59dab6e88,1539983d4e7e75abfd4a3fa984b1bf151279d656c785c5f82b7a9195f63baae9,
jobboard4,frozen_fr,Baseline/exp_20260710_frbaseline234/fullrewrite/jobboard4.jsonl,20,10,0.38472093431713067,9cc22586b11f425007d64b91be4aa5ff660952c5026d6b119c3cd49296fc5fab,9931677d282f8162294cdd4643206c8685bafb6923b9b1096ad585dd8ec99301,
jobboard5,frozen_fr,Baseline/exp_20260710_frbaseline234/fullrewrite/jobboard5.jsonl,20,10,0.5930514697771507,c844e9822bf8eb14b5dda7a7d12753663446a7fbdaf276f8c71bdbeda0fa8a94,94c7730d13537265ae2c1ef226860958a9234a9ecea395bfe43f14c830b37d1c,
jobboard6,frozen_fr,Baseline/exp_20260710_frbaseline234/fullrewrite/jobboard6.jsonl,20,10,0.9366786795100449,181ec07cb10a2f27f9860e1c52591f2ac2c920385d00a723d730d06b42d32276,c343e106913cb16f0f844a4893286398b79e653114f866a9d8002882de2a24c7,
json1,frozen_fr,Baseline/exp_20260710_frbaseline234/fullrewrite/json1.jsonl,20,10,0.7521133754575796,65a16c16a4ae3b3c9d5b331783158329dbd6943617de07f64eb7d6e7bf690071,1d36bb936d1c6231e8c4f050d928df2d156c8df6dade8f3cf5847a7a4aad0323,
json2,frozen_fr,Baseline/exp_20260710_frbaseline234/fullrewrite/json2.jsonl,20,10,0.944049769987238,1eef26ce5788c1e6976ab65ae2c8a7c17e4263a98f815c9d0c3abe19edd2f31d,71089bf32fc13bc0f37f543382df362f3afe2a5ff404d29a7e3c7227e0c3e7c5,
json3,official_baseline_v2,Baseline/exp_20260713_frbaseline_v2_rerun/fullrewrite/json3.jsonl,20,10,0.12460045804135478,e8acc154908054e1090c98ab9e034b7da37ebca038b99810ff5c2ec8d1816872,0af75cebf86c491d92b48c71867ebb2e7f7250d4013819c8a0b0050e4d389a63,
json4,official_baseline_v2,Baseline/exp_20260713_frbaseline_v2_rerun/fullrewrite/json4.jsonl,20,10,0.20173076923076924,13139ef59ac06c450da6159e92ad3004ca847827a1df3c4f59d347516b31f3b8,ec9272637228f8b05dca0856ce0709c1810addb878d082c757e08fca66908429,
json5,frozen_fr,Baseline/exp_20260710_frbaseline234/fullrewrite/json5.jsonl,20,10,0.29516704207756383,80f9035fcbd73213389082b15ee1053d11d00ed707f8462833d7e433887562a8,307cc8a7c791e28e2f8fa65d0903b62ae05ddbe49556498a75fc66f2b0cea3a4,
json6,frozen_fr,Baseline/exp_20260710_frbaseline234/fullrewrite/json6.jsonl,20,10,0.606428418174897,3907362adf8328cc344701407b56f297270e0606947625d0984732b39852a8de,a48d6e7c0db3331720a89b6388c22939a6ece969e206ce4a7e8a6ef7ef21e2eb,
landmarks1,frozen_fr,Baseline/exp_20260710_frbaseline234/fullrewrite/landmarks1.jsonl,20,10,1.0,aa1275bd2278a657cab7a0b3d9700e55b5180559ea976f43c8b7c35902b6a4cc,a949a8de2e0ed318843e116d82b588fe411d10ed7d9c577558e2a4d95337ef1c,
landmarks2,frozen_fr,Baseline/exp_20260710_frbaseline234/fullrewrite/landmarks2.jsonl,20,10,0.8000202829226919,a1412181c1818f4d63b3c18f0d2fc5ece28748a8c3d83e5067493172ace04445,c4ade28996727f769c080423d77caf01a8992a55ce8aafba7142612f87d16859,
landmarks3,official_baseline_v2,Baseline/exp_20260713_frbaseline_v2_rerun/fullrewrite/landmarks3.jsonl,20,10,1.7238804210554758e-05,d7210ca0359f547d27326749249a05940a85090708eeff2bdcc83e11868cdbd3,f0d3057a2f0d921491742cf01471fa94e006f6c90d7c74ba9a569589bccdc195,
landmarks4,frozen_fr,Baseline/exp_20260710_frbaseline234/fullrewrite/landmarks4.jsonl,20,10,1.0,9de4f3573ea7a3c0477438e4f899f7ee6cbe6ac06b307e2af1ad9d2509bfbfd5,63af7259125d63f1ba1b97dfa9151dada0876640ac1cd71b6ea8c2fb6bac40a4,
landmarks5,frozen_fr,Baseline/exp_20260710_frbaseline234/fullrewrite/landmarks5.jsonl,20,10,0.9058277805869818,5bb7db0e8b30acdadbd124b4ef9236c901719057ec666ade31e625993ce9711c,3c47f85e167a93b8ed6029c24866d6f50caaab091a371f6efa3a98f8af60aeac,
landmarks6,frozen_fr,Baseline/exp_20260710_frbaseline234/fullrewrite/landmarks6.jsonl,20,10,0.4397556212350562,2bdf65fc843699db7362ca67dc330ebad986022bf2ff962288f4f57f9c5a2282,eecfb0a76a40ed575f5d0a5e4592eb28c6cf1daa2225adb52e072ab6d4897ec0,
latex1,official_baseline_v2,Baseline/exp_20260713_frbaseline_v2_rerun/fullrewrite/latex1.jsonl,20,10,0.10426268619959182,cb88d9ca9efcc9f30238906bdf6c12e093a1e3685ce98adc4199018fe8540226,db2e2aeee90d5e6fcf70a897a97f9c1c21a4a30dc955d7cf63b6032ceff190be,
latex2,frozen_fr,Baseline/exp_20260710_frbaseline234/fullrewrite/latex2.jsonl,20,10,0.9381930130543927,0072a2884c9dfb1bbd63e9fdd1a354a2083e4f857a29a6d3e4750f29ffa04dd5,9852bfdb935c9a0bb53aecbfa5141b845effe56347fe8820cbe06a12bfd2b6a5,
latex3,frozen_fr,Baseline/exp_20260710_frbaseline234/fullrewrite/latex3.jsonl,20,10,0.8627741979477255,d4a0e97243ac0d9bd74956ead6db6ee7d259c1e0d0e71cbf2330a1d0c4c5e874,139c15125aa82aa0b3e29d86c8553cdd9ed231c7279c6af7d08f9f1fe4f18e56,
latex4,official_baseline_v2,Baseline/exp_20260713_frbaseline_v2_rerun/fullrewrite/latex4.jsonl,20,10,0.19363721052011224,17a856db45a9da2867fc9f808904569e3fb7ae931bd53a08c440c7318f4dd9fa,c56c38da29bd4f03e4b5c524b66cd559422e24fed7af5184769657a697924080,
latex5,frozen_fr,Baseline/exp_20260710_frbaseline234/fullrewrite/latex5.jsonl,20,10,0.7604726512661046,93813b797ea331a6d8f9dc72a9fc7c852c9d8924ac72ba3a458ff1975d774faa,4b3be61ff42407aedc57689557c1395a72ffe88420c5b8e75c9d0bdefe84d577,
latex6,official_baseline_v2,Baseline/exp_20260713_frbaseline_v2_rerun/fullrewrite/latex6.jsonl,20,10,0.10233441174257243,0e3e8bc1eb5ac0c7d03f5449b57578566da751cb8c99d50afa3ac25bb359d372,db472d110a89344b09e53fe0494bad3f0466c724bf8961ade2f01f44fed80792,
libcatalog2,frozen_fr,Baseline/exp_20260710_frbaseline234/fullrewrite/libcatalog2.jsonl,20,10,0.9964705882352941,80bda8ef70756847b716a00093d2830775b54a23acfe9196f13da4be4adce9ef,5403a5641bd7248d11da1ffa90d37af17bfe6a7ab13e04aeff837eee1b636e79,
libcatalog3,frozen_fr,Baseline/exp_20260710_frbaseline234/fullrewrite/libcatalog3.jsonl,20,10,0.9782183908045977,06b7272d7959be974704d59ce7ba76c5fdb12303612c16d79830352f81c9c6b4,0cc1ffad98157d0e0b365c28f6c69fede41f67d865e8df7c7a3686e8fa9fef2b,
libcatalog5,frozen_fr,Baseline/exp_20260710_frbaseline234/fullrewrite/libcatalog5.jsonl,20,10,0.9460577507598784,83ec005b8d5d1f6ce10090af381cec995f59eed799f94cb45de0d263ee194578,9f95606aaee77eac93a166e41b40fc6d85e8bac2ff33359b636a67b8f1be5a2a,
libcatalog6,frozen_fr,Baseline/exp_20260710_frbaseline234/fullrewrite/libcatalog6.jsonl,20,10,1.0,080f62b7226bcd7eebe1c8f261f609cb381530eeebe8c679712fdb6029f62cb7,74da47ce129fecdfde2af9a7067a02e9946900543d22fbc4f8f69ed0444ef8ae,
makefile1,frozen_fr,Baseline/exp_20260710_frbaseline234/fullrewrite/makefile1.jsonl,20,10,0.9047487705329542,f0822cc513313308e656836b1f58c1d0c7d91252bfd56d13a2b796d43578d269,8b1143a3e73c2f5bc1a773e0d2a950d9e468d8a191abb3dc420add3601cdb25f,
makefile2,frozen_fr,Baseline/exp_20260710_frbaseline234/fullrewrite/makefile2.jsonl,20,10,0.8254871950091028,2c055dd90b34d1001357e526a05bcb2cecf50332b7102b58c08a7fedb3a57360,81361be23ef23f11a954712bed73a56b9fec9e2b9bc35134772bc91779e57a0a,
makefile3,official_baseline_v2,Baseline/exp_20260713_frbaseline_v2_rerun/fullrewrite/makefile3.jsonl,20,10,0.06127492358993184,179f8e7affd7aae5863c0b2f83c11954905277b0160795c1fc2b14764a5903d7,0315dbc7b8549769505ab76569cfd3d3d27954c67222e13a87edfe62f2f186a8,
makefile4,frozen_fr,Baseline/exp_20260710_frbaseline234/fullrewrite/makefile4.jsonl,20,10,0.9338696952277736,b3f2f5f083de151b3504a90d1718f1dab77ca79776dcd442d7349df298ce66c4,f442b67e95abd2d503347e525876f6653ebbe46a7c546f4a625f3a2dbf852477,
makefile6,official_baseline_v2,Baseline/exp_20260713_frbaseline_v2_rerun/fullrewrite/makefile6.jsonl,20,10,0.09893484037401264,8bfb64d772ffd8514096e851534ef015f2ca2a65620a6f8fbadc9656d9cd284e,0839875b5244296bb08435dea2344f85a506ee6817c4192ad1f70d967b3fcf87,
malware1,frozen_fr,Baseline/exp_20260710_frbaseline234/fullrewrite/malware1.jsonl,20,10,0.88312,b08aedb17c3363dfcccbfcdce888b994177ed6ba71e8d90bdd60fd239d30432e,429e7bd35f97a567172504326a8c107dbd21b017e2426670819983e7b65170ac,
malware2,frozen_fr,Baseline/exp_20260710_frbaseline234/fullrewrite/malware2.jsonl,20,10,0.9962,61c1d4e8d533815d4eee8269451a4e534eb74b2a8a2533994e99fb5f1f6a387b,9abff38fd6fd8656c9e219fc9cffa473a77a6f4da4e59a344d590b0d9c550228,
malware3,frozen_fr,Baseline/exp_20260710_frbaseline234/fullrewrite/malware3.jsonl,20,10,0.9532,97255b2f994ddd5c8b62fc2e0f8186258a8fad3228ff150ab7b677bef8435a72,4b4d42792911a990e62c2dcf21e8b6432565c3eafd42ae2861c4a04b8f4585f3,
malware4,frozen_fr,Baseline/exp_20260710_frbaseline234/fullrewrite/malware4.jsonl,20,10,1.0,92ebd55a016f081de3f2d6d1db9686280fbcd26e41c3e07ba20ed17ee849440d,6b9890b630835110b4648e898e3b07218ecb79a87988c96c18ddd21a930a5eb9,
malware5,frozen_fr,Baseline/exp_20260710_frbaseline234/fullrewrite/malware5.jsonl,20,10,0.99162,35542a0cab02c7afa822317a1acafacdf1bed2567df3414f9014ddaad7a94f3b,902d288d90f04dbf2a4102c68aece01bec4077c0ada0e60e691783bae73ad393,
malware6,official_baseline_v2,Baseline/exp_20260713_frbaseline_v2_rerun/fullrewrite/malware6.jsonl,20,10,0.0,e73dd2def902d75518a5f6f364ad7e2e4ef9fa5af2e875e867db29f600e41895,0bc2fe36f8c7bf42327708d7c0ab6c0fa5805ed571226e74a4291a800ab8298e,
mathlean1,frozen_fr,Baseline/exp_20260710_frbaseline234/fullrewrite/mathlean1.jsonl,20,10,0.9673271313281899,8f8349e868375d916a0a821a73e1ec26e6428737ee9c499ca08f58393bffa5aa,9572e8a491c58306094f7ab78262556f6077a2dfc1b239bdbe062bf0833c9d87,
mathlean2,frozen_fr,Baseline/exp_20260710_frbaseline234/fullrewrite/mathlean2.jsonl,20,10,0.9214044354859589,82f9fd07286491a8eb0ba227b660cdabed60d0a47174980e2a5916ed218845a6,5a5db1572926c68437a9d22dd43a26594983a36d4c78eb137111a50146a0980b,
mathlean3,official_baseline_v2,Baseline/exp_20260713_frbaseline_v2_rerun/fullrewrite/mathlean3.jsonl,20,10,0.031667554381127345,b3818ea0b3c711feac72c7e10113ed7b9847b7c837ce06fff1145def84a05c04,16587e101b3330d603456c780913f39f774296a1d55d383387bec9c541b7def1,
mathlean4,frozen_fr,Baseline/exp_20260710_frbaseline234/fullrewrite/mathlean4.jsonl,20,10,0.649190630864852,1fd267c0142dd26b39d69eba1498c59f5e55453a04b188f46ae0793fa31112aa,dd2eccad43ac6112defb1ffdbda84abcddae5b6d5652265078428e53cf30298e,
mathlean5,frozen_fr,Baseline/exp_20260710_frbaseline234/fullrewrite/mathlean5.jsonl,20,10,0.9410837262350776,1dbe6adb07bd797f337319019fd4b152b06239f5b4d29d9b49132515bff980b7,5611c4ca82668ec99c3ce6108b0d0072cc703fd4fe8757698f94263043cfbdce,
mathlean6,official_baseline_v2,Baseline/exp_20260713_frbaseline_v2_rerun/fullrewrite/mathlean6.jsonl,20,10,0.6628805930270188,285ad316d2a4c414e6693961e49bdf0ac902b3183dce049eb6a8256ee0f9c1ee,6424773f9ff596c2cf212cace27ed26ffa12ea69e2534abb073500143b8212a2,
molecule1,frozen_fr,Baseline/exp_20260710_frbaseline234/fullrewrite/molecule1.jsonl,20,10,0.9625,6073eb0a245ecd528c20424cc0438837340e01c0a141267babbc60e9665349ba,41dc97626768a3c9722d2fb949fd64b43b34e9be22ec91dc904611bca911bac1,
molecule2,frozen_fr,Baseline/exp_20260710_frbaseline234/fullrewrite/molecule2.jsonl,20,10,1.0,7d7dade6c295f0ebbe47e111cc4489ca5fcc0ea3ae964dc399aa3e966361d9b9,5e0367e7c4eeb8d6f0a50dfe54e39f9c6a77f8f6821189d8ea20c30d56728797,
molecule3,frozen_fr,Baseline/exp_20260710_frbaseline234/fullrewrite/molecule3.jsonl,20,10,0.99625,c4ebb37a355f56d556672684f267143f36fd1c6873ac1906a3a3fdccb5837f5a,bd6808d6b83ee9af58c9fab26bceaaf2989da0bc746d2279ee3534cb0329bb76,
molecule4,frozen_fr,Baseline/exp_20260710_frbaseline234/fullrewrite/molecule4.jsonl,20,10,0.9775,397c9bf98cee1948071f053881d1c22231961c86a61df4ab434188db48801579,e01dcfb9f865edcc814202a3d4ea6e117f89d1c8218042976cb0d5819a728c9f,
molecule5,official_baseline_v2,Baseline/exp_20260713_frbaseline_v2_rerun/fullrewrite/molecule5.jsonl,20,10,0.28875,0e4717e790cb9bf52103a84113d3787a41e5ebffdd68e6737021017853d55cdb,dcb9ec29f9993ffd47185e1dce22cf016f51d14e50a8d57f203978cc33994cc5,
molecule6,frozen_fr,Baseline/exp_20260710_frbaseline234/fullrewrite/molecule6.jsonl,20,10,1.0,25811994ab97ae24f3cabc5a95b2dc479d5e52ecf98b518623bd9fbdaa53d6e3,cbd0d3c30588762701bab9d2bf43f8b2e44a49351c6a47080312eca67bdbef2f,
musicsheet1,official_baseline_v2,Baseline/exp_20260713_frbaseline_v2_rerun/fullrewrite/musicsheet1.jsonl,20,10,0.24525242162569738,79efa2fb1cb583164d68b33c73d7bdb31a64aebc8385406d6963b02c19fe520e,30405b8214a86e94d116e26ec3c5afdd8d6e0ad7032cad9b87b654f8d9819986,
musicsheet2,frozen_fr,Baseline/exp_20260710_frbaseline234/fullrewrite/musicsheet2.jsonl,20,10,0.43890006803531456,32534585687eccfbbbcacb7fb0ba3f15bc1c7268e6c427f06a57298112f94c51,d765512957414894de5237042b30365fa959638c425b0f167c534eb56e545281,
musicsheet3,frozen_fr,Baseline/exp_20260710_frbaseline234/fullrewrite/musicsheet3.jsonl,20,10,0.4797726899215251,6ff1b4f42b241513a09e8bc976778f6c5adc01fdd38d867e291a31bcdfb2e40e,a4bc247669416b0d8121e0c044cd54e1575901bae51240725910e30dc264a2e7,
musicsheet4,official_baseline_v2,Baseline/exp_20260713_frbaseline_v2_rerun/fullrewrite/musicsheet4.jsonl,20,10,0.839107243940337,d47e76fa846346237b9eabaabc042226b23ea6d01fddd93ed682236c86052a5c,907c1ac0071f87d983a029953c345fedf8ef57418a008aac20a2fda17c093454,
musicsheet5,official_baseline_v2,Baseline/exp_20260713_frbaseline_v2_rerun/fullrewrite/musicsheet5.jsonl,20,10,0.28618775796889623,01720d6daaf32fe43c7e88fbca4185e4daa43e471bbf4ea8f3ee7b40fb886b8e,ba73628936ff6a4306910a8c12e07f2194b3d0aa8f278797b4453eca6633d514,
musicsheet6,official_baseline_v2,Baseline/exp_20260713_frbaseline_v2_rerun/fullrewrite/musicsheet6.jsonl,20,10,0.21110958435904706,881cb09d2f256e5f34c1467aba26bc7b50e3c9027726def0c8ba79cb85b785de,4611d9fb25998bf86c11c31508ca6e1782eea90e5af8cfbb02fb22d097c4f1c5,
obj3d1,official_baseline_v2,Baseline/exp_20260713_frbaseline_v2_rerun/fullrewrite/obj3d1.jsonl,20,10,0.0,0fc150e3b5e8b6f34338f4cc323c4f2298c75308c74012828785c2de4eefe9d1,a2ea57f03dc522cea21fcde6b6f8dc850618e788aebd6cebd9210ce9188cd2f5,
obj3d2,official_problem15_fill,transport/exp_20260713_problem15_official/fullrewrite/obj3d2.jsonl,20,10,0.1,e2c28dadcf5d4b28975a2464d64277426662dd9164d9337a039a6321404da57e,b5171cbf327e63016b0190f24a8f73f33296f7e8c621c521631f4de71f33c4a2,
obj3d3,official_baseline_v2,Baseline/exp_20260713_frbaseline_v2_rerun/fullrewrite/obj3d3.jsonl,20,10,0.0,55461389f9a27021307f820f3491b1e48fecdd95231f5964bf451b69ee47d078,dbdb149176fd3926d4c5802fef881762a70724b1f158b9f0e81dcdef3ad90e58,
obj3d4,frozen_fr,Baseline/exp_20260710_frbaseline234/fullrewrite/obj3d4.jsonl,20,10,0.4,46b3b38062e013457d3a159e854c6a17c0904e59bb77ad626642c0ef96703172,6c6fc2c5fa6b648a4dd987734258d6c4ebf2abdaddb36c769d77ae8d95224604,
obj3d5,official_baseline_v2,Baseline/exp_20260713_frbaseline_v2_rerun/fullrewrite/obj3d5.jsonl,20,10,0.0,7d3734e0b465a3c225315b4df92b2d1736e7238aabadec992001e34ec211f5c6,1451d32d8cdc203015f3b2747f679f5e5d98236998b1b9d5d2b9b2439e945cca,
obj3d6,frozen_fr,Baseline/exp_20260710_frbaseline234/fullrewrite/obj3d6.jsonl,20,10,0.4,e7a87e51d7426f51e1e946fd8fce8455ae366bc25412ac31e5ec81a66df3a265,ea618ece2b960c10432e8059ea6d0c9daf1b96228ff94009efd3db6680f7ac34,
protein1,official_baseline_v2,Baseline/exp_20260713_frbaseline_v2_rerun/fullrewrite/protein1.jsonl,20,10,0.0,26c5178b4e58a83d72a02d51ac816350df5d0331e28252b6bcf8a1b61fff0d06,5bcf4157231254e57c20f335b57660596f5d4433d253d82ce245123164102149,official_problem15 incomplete (6RT)
protein2,official_baseline_v2,Baseline/exp_20260713_frbaseline_v2_rerun/fullrewrite/protein2.jsonl,20,10,0.003944194391687311,f7406f8a1a8c71b29003009cbf786ffeec8e4e48b35e0717523dca70f95a9ab2,7b4ace903292bdb906a307dd468a65c64925e6d22c083ec96fe3409b2ae760a4,
protein3,frozen_fr,Baseline/exp_20260710_frbaseline234/fullrewrite/protein3.jsonl,20,10,0.7951791891444813,5afd0d9187454a39ea6a20b5e29052bcdf2540d2cde0a77c324af7e036edb412,36a59e5eae7ade465ae58db9cc802e2003815b6588d96f1189243b7b7f9b4b3d,
protein4,official_baseline_v2,Baseline/exp_20260713_frbaseline_v2_rerun/fullrewrite/protein4.jsonl,20,10,0.1012066923076923,a2320d6ac552de7c1003db850455e238e3017d50063dbddcb9ef2b8c5a4732e4,9d91517c38c1ec2d16d276089726ff2c2943fa4f195084fbe5efdcc8ec354e31,
protein5,frozen_fr,Baseline/exp_20260710_frbaseline234/fullrewrite/protein5.jsonl,20,10,0.8285352222654555,9313b006ad9d7ea7e4e64a53734f7e82ab8a8f2788cb4bc7d892a53c34a465c4,91e7c1092dd002eecc4c6e4d1d63c76eb03e049cec7e55a2d63303567260cdcc,
protein6,official_baseline_v2,Baseline/exp_20260713_frbaseline_v2_rerun/fullrewrite/protein6.jsonl,20,10,0.0,205b9d55fcc2ec98e4547114c61162f693092e2cd70c9bfa028df6c2d8b552f8,7ca1b97149958da53a975b4bf9973c363df13efbdb77ff9ba2cbbef24e6ae3e9,
python2,frozen_fr,Baseline/exp_20260710_frbaseline234/fullrewrite/python2.jsonl,20,10,1.0,fe3fec990bf97e770928e319d9d8b83fad3ab09a6f33874431e7542f9c0b8839,0b0c70edd4754911940d207320083740fd21d6b8137750a1a2d19c35d47ccb26,
python3,frozen_fr,Baseline/exp_20260710_frbaseline234/fullrewrite/python3.jsonl,20,10,1.0,ccdf0ec047b0598ae0e9a8fe290f1e8e99593b6a942e4ddbd251b00b36fb1c2e,d1c5a74386efb1a9a751d908fd6d72ef886ce3db541529107c7c17d4fc55ffb5,
python4,official_baseline_v2,Baseline/exp_20260713_frbaseline_v2_rerun/fullrewrite/python4.jsonl,20,10,0.9,fd7b17bba1d67f979d3b7dcca894e11c6abcb13eb955b43d4c6ddf6ca21a0540,4aff3474beeb3b5ffc92e5a753c97556c5a5c929c08b0fa79ec8c29a0c0887e4,
python5,frozen_fr,Baseline/exp_20260710_frbaseline234/fullrewrite/python5.jsonl,20,10,1.0,cdcb6a3b8360d1b03325b8f205e4feba3ec1216ed81f1b9a8643681dd4a32fd5,e3dd7ae80e7a45bc2a73923f4bb4894740f4ebeaebcb6105922abd64861c86c8,
python6,frozen_fr,Baseline/exp_20260710_frbaseline234/fullrewrite/python6.jsonl,20,10,1.0,ce1b8ad0b9383c9c56d27a35a87ab67a7aebd147d0a0c87492a3cff9d48d660d,c203a62cbc8a79d31a1283be83db1028c911ec5571b61f31e424e3ce9e10b878,
python7,official_baseline_v2,Baseline/exp_20260713_frbaseline_v2_rerun/fullrewrite/python7.jsonl,20,10,0.7,20acdde827b1d089f06d258a95c098bd9e2932bf4bb2f88c349210f96cae52ae,6b451c9db51a294e68e4cffa4e9a4694cc2c73dc2f95fb7b5ae62b42e816c55d,
quantum1,official_baseline_v2,Baseline/exp_20260713_frbaseline_v2_rerun/fullrewrite/quantum1.jsonl,20,10,0.1383426,8139f94c7ff6360957f02b4d80d7cd16af90ca65337a98639e277c0a7b10f6bf,73b18f1d337f86217d41f5e6465a6afe87dad763c807314101f24ce68b7c6d7d,
quantum2,official_baseline_v2,Baseline/exp_20260713_frbaseline_v2_rerun/fullrewrite/quantum2.jsonl,20,10,0.0867933,23d645bb865629d5b0a9d01816290fdfb51c95f3f3ff12a3d27439492fc87476,1146bf4bb52b2922ff4567d1540f4629951d9787427792ff72ca8c8e5d7b086b,
quantum3,frozen_fr,Baseline/exp_20260710_frbaseline234/fullrewrite/quantum3.jsonl,20,10,0.998242,ed0f4c7b3897b738b8072513937b5666277b70cd69beb9c5f13aa4e805f10367,09c5fb55a45bf8bba1515eedee95709ea7e3f7581985a50ca97f45ea055fd6a2,
quantum4,official_baseline_v2,Baseline/exp_20260713_frbaseline_v2_rerun/fullrewrite/quantum4.jsonl,20,10,0.0202269,077214a43976b405cc252117a44609987adc3f69c404caf2ce538e056a5d7614,4c5ecfade13f6cedbfbd2cfb8a72a3198e8cf40a66e9a3ba1cf6db1d80366e73,
quantum5,frozen_fr,Baseline/exp_20260710_frbaseline234/fullrewrite/quantum5.jsonl,20,10,1.0,eb5e99428e77940b842a935882fe7af6c1e36e22f9df79d6f6a1af3889137dd9,300af9487578c9a4711475277b0cf63d506c03cb55dd67840bfb59357246c1fe,
quantum6,frozen_fr,Baseline/exp_20260710_frbaseline234/fullrewrite/quantum6.jsonl,20,10,0.9098596,4f449f373ab668bba76b721d9758c800856680325ed34d37c4af51ececbdad2d,40d030788b11f54c4838610e8f6d801efc294cc52c9ecb7c8f3a861ff1db31d8,
recipe1,official_baseline_v2,Baseline/exp_20260713_frbaseline_v2_rerun/fullrewrite/recipe1.jsonl,20,10,0.27577560372707066,5b9ab5c6c92a9f306a72bf4b7b295c2528d0360d1e00eba905120ec6560e6b72,40e1c6a6e357a8c0a1f127282a6a2312e2053a3b9e59c76778ef9978642fec17,
robotics1,official_problem15_fill,transport/exp_20260713_problem15_official/fullrewrite/robotics1.jsonl,20,10,0.06986370151412748,d2935dda6a9a0b5f8aa5ccb488d1832c18f90542476ff6b3bb75590be82813a7,e5af5d67cf1e2dca1c3ed627c9dd534d9178af8bc322992ba7a0f3eb8a5683f0,
robotics2,frozen_fr,Baseline/exp_20260710_frbaseline234/fullrewrite/robotics2.jsonl,20,10,1.0,417c9c07066713cc754f20caf37d0ca6d01182a6a66a8be9794505c636e20615,35a8248fc40e5f05365e259a0e37404f96c608451976a00ae4f4534dbd49d62c,
robotics3,frozen_fr,Baseline/exp_20260710_frbaseline234/fullrewrite/robotics3.jsonl,20,10,1.0,c2886b0bb8024d4f75cd5df71114f6ada45e2e679b580a1e404db236e14e9c1a,beca611a54a41475404b425896e9022ad213f20e2eb0221586d86b0e8d007149,
satellite1,official_baseline_v2,Baseline/exp_20260713_frbaseline_v2_rerun/fullrewrite/satellite1.jsonl,20,10,0.02657755548545638,ba89799edae0bbb6383bafebac97cf45397d7c7b72f041f253e97be0a4cbf659,42ab825338702d660a048ec48ea9907b6c5c7f7663d1bf17c8447c033ab83d2c,
satellite2,official_baseline_v2,Baseline/exp_20260713_frbaseline_v2_rerun/fullrewrite/satellite2.jsonl,20,10,0.2199714349766521,bc36bea384f8136fe88064b39f8af02fdc051cad4e2aa8eae765cea8c31b829d,17bf49218c86edace85371ca87e1cbdf0511f3a767a365cf0b056500cfb38039,
satellite3,official_baseline_v2,Baseline/exp_20260713_frbaseline_v2_rerun/fullrewrite/satellite3.jsonl,20,10,0.008695448678548549,92f1fa2bf7cd859947c13886f37d176c85bda85e5dc729aa6e27f17dfbc3a7ba,b50e526198a7ce3e0babed8ba2b52183714af85f4f973c4eb053fe2d497a4a56,
satellite4,official_baseline_v2,Baseline/exp_20260713_frbaseline_v2_rerun/fullrewrite/satellite4.jsonl,20,10,0.0,d51d42b63294a344e1fbd6fb7e11c4cc98120b069ed752b93ca745056d77984d,a5278fcdd29659bf4bb962a6e9ac0d00cccb45958e375a8c4cecdf12c1afee78,
satellite5,official_baseline_v2,Baseline/exp_20260713_frbaseline_v2_rerun/fullrewrite/satellite5.jsonl,20,10,0.01953776040616362,14211d6fec9af04cc0380cc9e0a5af288c07345375d3ecdd1310d104c57ea79c,e252f4d2b30c7b56d3a808d3ae094cdf5f32de884aa63ede03c41f70e3947682,
satellite6,frozen_fr,Baseline/exp_20260710_frbaseline234/fullrewrite/satellite6.jsonl,20,10,0.9228594640408918,6803da0f23e04756de698f8ad305a89507626a3489db5f70a1846247c296d20a,280420f62119ae25dc2e81822565e2d9e8b7e8526018e81c58b21c4a7293612c,
screenplay1,official_baseline_v2,Baseline/exp_20260713_frbaseline_v2_rerun/fullrewrite/screenplay1.jsonl,20,10,0.013997467217076816,1debe860695a7fe9f80b5d71aa0a3e08b9703b2ae8e80abbca92d46de611641a,ebec28c0f74b8ad4160b5d9887cc8ab3025b24f414cd11801c0b3166166d233f,
screenplay2,official_baseline_v2,Baseline/exp_20260713_frbaseline_v2_rerun/fullrewrite/screenplay2.jsonl,20,10,0.5313334498834329,0800bbe9f2ded0539fa9e16f14c4baaf840a89a923a67b31581979380f57be51,1e43e6fe2522239ac61078d9c4a3d243a3a2693aeeaeb9e7763dc86eb89db410,
screenplay3,frozen_fr,Baseline/exp_20260710_frbaseline234/fullrewrite/screenplay3.jsonl,20,10,0.9931488331027378,947b54c599fda8b3b17144702c24af27ab6c06026d37b2f53ccd8473c816774d,8140b404eb708bf838ebf3afc29979c940fbd5abaa1967075984456cd3a334cf,
screenplay4,frozen_fr,Baseline/exp_20260710_frbaseline234/fullrewrite/screenplay4.jsonl,20,10,0.9957255946304839,280028bffe7a4b7755b9d3042369258807ed1bcbf024f348a39394fe1a01cd1c,bc65fd0b0dee81438dc1a952c8bf06f4f69d00190fcf54c12ee451818edef5c3,
screenplay5,official_baseline_v2,Baseline/exp_20260713_frbaseline_v2_rerun/fullrewrite/screenplay5.jsonl,20,10,0.847909417422891,2bb4b248aed44b48108df22f4daa1426e097b204e005e2cb95b2ca155ec39753,d433318d810d2c9c6ebebe84549a1f18a2ae47a6a40a6a8c216b6fe7f6b71ba9,
screenplay6,official_baseline_v2,Baseline/exp_20260713_frbaseline_v2_rerun/fullrewrite/screenplay6.jsonl,20,10,0.7855631807171194,443095fee06cfb90e6bdcb8e4c92f869ebc6e4b10a6119668cbcf38a4caa55f0,a212b63917e8a6122f10d9cfb51b2aeaefa52819234eeeb80be2be17767f66f9,
slides1,official_baseline_v2,Baseline/exp_20260713_frbaseline_v2_rerun/fullrewrite/slides1.jsonl,20,10,0.09279725983372365,eb2bdef402732c96a9dbaa42d9913d6b63618fe3a5e6e8bf368d608840d098f2,90d4817a5282d9012be0b6e3a638959d4b65676e6a07955120bc0f0baef361f3,
spreadsheet1,frozen_fr,Baseline/exp_20260710_frbaseline234/fullrewrite/spreadsheet1.jsonl,20,10,0.9612117029678457,73e625df74cd132d993f1c44fdb0df9eb6066779e14c99a7d7b88d590c27a683,725159fe6a3acf4eabc05794e84df175f6d1140b585e6811f73d69d23937a0ef,official_problem15 incomplete (4RT)
spreadsheet2,frozen_fr,Baseline/exp_20260710_frbaseline234/fullrewrite/spreadsheet2.jsonl,20,10,0.2812050092764378,9e3d0c8b54ed265378b6244caafeedb3a81d1624d0e2303afdd53fc2072bce36,a85c059836c57d510cd6aad203b78c9d343288e73ceac1634e7840b409b6f08e,
spreadsheet3,frozen_fr,Baseline/exp_20260710_frbaseline234/fullrewrite/spreadsheet3.jsonl,20,10,0.23374999999999999,76f3dde1b7235a610a27c12970711f157962944b11fb42cb0872430242a67513,2f9d33f8faca09ed442a38afb3af32efd2b8c930b7770ca20f6d5c5168d6793e,
spreadsheet4,frozen_fr,Baseline/exp_20260710_frbaseline234/fullrewrite/spreadsheet4.jsonl,20,10,0.219,a7176b9ae04725e108f5a4fd77eba930fe968888b876f1cdd5b22e4176d822e4,5979323e67d0553f08f77319b64fd797f7a7acbfc9a49dd9bf8ca507900f5cff,
spreadsheet5,frozen_fr,Baseline/exp_20260710_frbaseline234/fullrewrite/spreadsheet5.jsonl,20,10,0.9232483964488873,0618e9ea969e2791aca279236ad4f919d5ff947a427741a11fe5f83dc9134428,df15234c69a625a69e07cadd45479394154439a12deee91cbbd52055878fa982,
spreadsheet6,frozen_fr,Baseline/exp_20260710_frbaseline234/fullrewrite/spreadsheet6.jsonl,20,10,0.16846846846846847,b7572621bfff5ff72d7a36ae5a501a3c7840360728d05d85d7def4080e3b9f78,e36894c1d99655aec964a3eabfbcfb614425487197c60f5ae7429c853e4a2b64,
starcatalog1,frozen_fr,Baseline/exp_20260710_frbaseline234/fullrewrite/starcatalog1.jsonl,20,10,0.9708709853985305,8bfd1bfcfd0f098d006b8d406336657b6917f925e8bb968dd015c26f503a7fd9,d2bf321b00e75baebb8eace5357a94aff31ffd173408ebaaa67a3e54fe0824da,
starcatalog2,frozen_fr,Baseline/exp_20260710_frbaseline234/fullrewrite/starcatalog2.jsonl,20,10,0.9652173913043477,14e961f5941f1045c53ff4c1e9604848e938692143c28820a6c0e5deaa49c912,bb4a72f7ec82bc7f03fbf11116523375b9e9e7f6149fac2212a3cd808e0214bb,
starcatalog3,frozen_fr,Baseline/exp_20260710_frbaseline234/fullrewrite/starcatalog3.jsonl,20,10,0.9874046497733495,124877ad6bc81598d8defd83c0fc1ee3646df0f141eb37437b763c72a41176c3,f3603bc675e23e94ec3cbaee56e0978de7e2cfcfb15bd53662ec14f39909b4e8,
starcatalog4,official_baseline_v2,Baseline/exp_20260713_frbaseline_v2_rerun/fullrewrite/starcatalog4.jsonl,20,10,0.0,36e80e947a17979d4b66bfc25dcac6fe70964e14f8138a7373a01cb00e09b344,5e063b590e07f64588202551d57db622cedb6eb2065f454a66e2ef6e967ab15c,
starcatalog5,frozen_fr,Baseline/exp_20260710_frbaseline234/fullrewrite/starcatalog5.jsonl,20,10,0.9999999999999999,15e4d0c70ae53958a684da58f471b03f8526466d1fff70b258c6ff462079fc51,c32d0b4285e93efa04eaed25486a637aca8e1b5dff0c6e26d727b869eb149d38,
starcatalog6,official_baseline_v2,Baseline/exp_20260713_frbaseline_v2_rerun/fullrewrite/starcatalog6.jsonl,20,10,0.20104994635290108,c163d02f03eed78ca1e5734c8330275d405d14cfcc013742305736da095c7059,4892e78bf810c9fc17ee934d54d0b9657e44e3e144efab01b145c6b2d5ea64dd,
subtitles2,frozen_fr,Baseline/exp_20260710_frbaseline234/fullrewrite/subtitles2.jsonl,20,10,0.7279401182954202,760d71fe832039df061b950c18b5feb2d3496fa9ef06b350517a827edaba2b48,953167bb3697ae65c4f9825a66769401a2e5e51bfb9edfbc741a598333017645,
subtitles3,official_baseline_v2,Baseline/exp_20260713_frbaseline_v2_rerun/fullrewrite/subtitles3.jsonl,20,10,0.02281005587066548,ff15a8e92b7a22d7559c3ca7af3ade1707adc53a38f2518c9be6dad98246c975,fcc530c85e7875d5678b96b47979b3ac77fcf36f3b41b4941cde6907a2ae5860,
subtitles4,official_baseline_v2,Baseline/exp_20260713_frbaseline_v2_rerun/fullrewrite/subtitles4.jsonl,20,10,0.018019240864488927,f42c2b78308dbfe51eb13e6b65551b9aea46c79d83daa3aec3dd7b5b6f66e290,f1b35f004e8e51d4694f636a5ad7a5e734abd7601e7c7be00005c785579e2464,
subtitles5,frozen_fr,Baseline/exp_20260710_frbaseline234/fullrewrite/subtitles5.jsonl,20,10,0.588414661807289,273f306fe4a24fcf61d035b931264767153e0a1cf56b0bda88c4f1e4d4cfeadc,00ba51691e0ac022e6b04aaf74851cc569485a026bdd6a63a68c3b895c0d011d,
subtitles6,frozen_fr,Baseline/exp_20260710_frbaseline234/fullrewrite/subtitles6.jsonl,20,10,0.9274907794753725,5d86d2b13bf7a24668ade18aa4af5ec36dda51f6cbdee775daffc6d175964d6b,b23f61b068c91403b00e90c060c8d7fd8e2ef52095c2473574ba81107354bc8d,
transit1,frozen_fr,Baseline/exp_20260710_frbaseline234/fullrewrite/transit1.jsonl,20,10,0.9094964926410734,e7ea3bdd8f6e90dc8defbd3a3e67bc916099d1790ff71eb3b8d9b5a81cc18c0d,7aa1486f7531701c63ac88b2993d500f149da8082bc0db942cf3326a1862226e,
transit2,frozen_fr,Baseline/exp_20260710_frbaseline234/fullrewrite/transit2.jsonl,20,10,0.4013018522162165,14cdd02c264b875cbe383ba1f1ba03327d3ac24530f36a224ce57a6d6bd32927,f712fdb83d26d9cc1317c30d0ba8f0edb30c590d74a0092e95cce7052868a4b3,official_baseline_v2 incomplete (3RT)
transit3,frozen_fr,Baseline/exp_20260710_frbaseline234/fullrewrite/transit3.jsonl,20,10,0.8881548618666815,9b33942c94f1a02de2580aec40e690ea7d949876e0d61af220cad137550f1f84,d4d5b72ba63daa26b2b2c9a4d5ea78a3479da17078cc7e60426e21423c62582e,
transit5,frozen_fr,Baseline/exp_20260710_frbaseline234/fullrewrite/transit5.jsonl,20,10,0.9947627490712597,e5216927137538e431c7f12a1aa2d7c7c14458b46f68b3fe6a31f88e541e72b3,a397c962a7640d9e22205acbfe0337cfd38ff0ee33ba92e3e221084915f58c66,
translation1,frozen_fr,Baseline/exp_20260710_frbaseline234/fullrewrite/translation1.jsonl,20,10,0.9640764604064824,4ffe2f0a58b137b98b46bba5e082d39b41720c9c0d89417edaf0de629a62566f,abad8904198b36c51fbc322c6f498348d1247ff7d214a501ad75d829e6f5c268,
translation2,official_baseline_v2,Baseline/exp_20260713_frbaseline_v2_rerun/fullrewrite/translation2.jsonl,20,10,0.0,1e863dccbdbb7d3aaa3ce209ad18eb44d9f957b7b1f46957f0caf1efbfc86de7,4cfc511fe3b8b377226d5340d46655a9e3c019b5af4643ffc053763cfe97669e,
translation3,frozen_fr,Baseline/exp_20260710_frbaseline234/fullrewrite/translation3.jsonl,20,10,0.9477181639884347,82a5291eb3da4873022094e1b7df29261168c540140ccfd166cc48af085fa37b,b6a6f4f44459556e566737910b62ed1bc5047f4773bffb65542bf2836e7e5b75,
translation4,official_baseline_v2,Baseline/exp_20260713_frbaseline_v2_rerun/fullrewrite/translation4.jsonl,20,10,0.0,8893718fb3fc00333e31f8b053db50c6648535a52a0b53743070d7e57893c705,e60e9be520225d5c3d60e8e53dca2cc67645a07456977baacfff1cddf6afeaf5,
translation5,official_baseline_v2,Baseline/exp_20260713_frbaseline_v2_rerun/fullrewrite/translation5.jsonl,20,10,0.0,ed8fa69196a88efe2aefeb774ed327cab2e433f14ee4c957278aaa039e63c987,ba45d47c61223f9ed6ac00fd1873bd6cb3b44ed5288be5f240c1df6c775b38f0,
translation6,official_baseline_v2,Baseline/exp_20260713_frbaseline_v2_rerun/fullrewrite/translation6.jsonl,20,10,0.0,20588eb54d0af1c55ba47596f1851c562746841da7030d845e9b754353da5a39,7e1d39329147dfbb6b0956f26b806897ea2d9ca0bb1e77b1305b4a0552866063,
treebank1,frozen_fr,Baseline/exp_20260710_frbaseline234/fullrewrite/treebank1.jsonl,20,10,0.9991228070175439,8073a118df58038fd69ab24e930a1d8dd2da415c07383f8811c207db755b0c05,f6cabacd6b258e44520aa031e263c306c16a1fde57e6ced5da548986a800273f,
treebank2,frozen_fr,Baseline/exp_20260710_frbaseline234/fullrewrite/treebank2.jsonl,20,10,0.9953846153846153,2466b84d5102c04a937e74df76506b34c0ecd385cbf2c8c532e44e56df5ba6a3,3d1f2d4705e059df00a11c495070976c70fa9b104a37ddfc06850dd58828611f,
treebank3,official_baseline_v2,Baseline/exp_20260713_frbaseline_v2_rerun/fullrewrite/treebank3.jsonl,20,10,0.1013366012353201,2d704942e0af863943feefb18184901b89df869f44c4f4d0d82f3212b5c90e72,83746b3bec7fbd3b533608ae754a81cdd734f604e04a6518a2841ecd95e8f9eb,
treebank4,official_baseline_v2,Baseline/exp_20260713_frbaseline_v2_rerun/fullrewrite/treebank4.jsonl,20,10,0.004177433628318584,2e2f4743cbb1b9b763a58f21d453814e65736ec0445db1bde2ad14fb0b469935,4144576762e4d7171b1969786e9a2e1f511c73cca90836639c47422839cc10c7,
treebank5,frozen_fr,Baseline/exp_20260710_frbaseline234/fullrewrite/treebank5.jsonl,20,10,0.9827735749472203,e2fddd0e88aa2a7313acda30ab28bb3e9fb31ff2ce0ed80e18738157545fcfab,22071931260852b9959871c11e98521119812324af3938bfca732c1c4c3773b4,
treebank6,frozen_fr,Baseline/exp_20260710_frbaseline234/fullrewrite/treebank6.jsonl,20,10,0.9142105263157896,f3033f0114d9d2e58fdb675ab66e084a09b1420792a698deb5f06bd58525133a,831614c907d4d97ef9539544a5e31694774d76ede032eda23100d0d941f859c9,
vector2,frozen_fr,Baseline/exp_20260710_frbaseline234/fullrewrite/vector2.jsonl,20,10,1.0,1f5a6bb27a1973e6f25a8fa7a917d1caa5d96b3ff8ab70d84ff66121b22b481b,c4df50fbe886e641146d9d599b7f60bb9ab70e2b537263bac875ce765dee67c2,
vector5,frozen_fr,Baseline/exp_20260710_frbaseline234/fullrewrite/vector5.jsonl,20,10,0.9768169387474598,5a53f6e5cc2846df947479f5634225068253b901c6cfcb7827b5756f22520ee8,615606cb6305631ad1e9f2418f047a862fc796c218bae71848754b220d1f2271,
vector6,frozen_fr,Baseline/exp_20260710_frbaseline234/fullrewrite/vector6.jsonl,20,10,0.962077809150611,3e7ecee039047e39e3a2ab627bfa8d1c006b3db43fbd3377025ba9ba1cfc3899,d4568940220511ba09dfddef197228ccad2ff30b12c6fbd2c55fc1c69496421a,
weather1,official_baseline_v2,Baseline/exp_20260713_frbaseline_v2_rerun/fullrewrite/weather1.jsonl,20,10,0.1,b0a1f01a2becded2ca930f0584acca4a409f40eea5918a30d28c27e923ad27a7,357d8e4a06320a267c0a16d90d20676df66ffc49663e9beb0695ebc8679eb11a,
weather2,frozen_fr,Baseline/exp_20260710_frbaseline234/fullrewrite/weather2.jsonl,20,10,0.8741741958279697,bf8034b357cbef3ae85f8183ff9c865901a564b3c410624b273d146c7422c0cd,cb6a675aea3203d22049355db8d5940f4d9b0da443f682a2fe393bc573d47771,
weather3,frozen_fr,Baseline/exp_20260710_frbaseline234/fullrewrite/weather3.jsonl,20,10,0.7644055817621168,46ec13cedcc8ffb9639bbd5b63546bd71e7129e3bc86f36c541149771dbfc47e,f964c99cb57045707f9f284c9205e1f66f2cdef72e37243cc511f1c098fd5c77,
weather4,frozen_fr,Baseline/exp_20260710_frbaseline234/fullrewrite/weather4.jsonl,20,10,0.9782958984375,aee463ca480d26ef44571dd9f5df1d85c3a618a400f5b499ffb5498845b46e12,efea760de058c64be39af88b7596aa3a1f88b4a58623227e0901015532e797a5,
weather5,frozen_fr,Baseline/exp_20260710_frbaseline234/fullrewrite/weather5.jsonl,20,10,1.0,91780bae2a1df2d6ab1f7a75cde40e25731040e5f087267470ffc58b8cccb3a5,020ffe8fe40a439ea8811d90e3e5a0f15eda0623573f7802a38adf851bbf0c71,
weather6,official_baseline_v2,Baseline/exp_20260713_frbaseline_v2_rerun/fullrewrite/weather6.jsonl,20,10,0.2,78080ed6d72eba2d564126fdaf5954d8b8e397263da1b1c4422bf41e9690c67c,0747e404f6949b24a51067e32b4cb29698a1b917a82b98db68e3b17c562330e8,
